target,뜻,기존레벨,제안레벨,변경,zipf,토큰,판정근거,검토필요
기여,도움이 되도록 이바지함,2,1,2→1,4.91,기여,zipf 4.91 — 익숙,⚠️동음이의 — 빈도가 뜻을 구분 못 함
기여,어떤 일이 잘되도록 도움을 줌.,2,1,2→1,4.91,기여,zipf 4.91 — 익숙,⚠️동음이의 — 빈도가 뜻을 구분 못 함
동향,어떤 현상이나 사태가 움직여 가는 방향,1,2,1→2,3.73,동향,zipf 3.73 — 보통,⚠️동음이의 — 빈도가 뜻을 구분 못 함
동향,고향이 같음. 또는 고향이 같은 사람,1,2,1→2,3.73,동향,zipf 3.73 — 보통,⚠️동음이의 — 빈도가 뜻을 구분 못 함
모형,본뜨기 위한 틀이나 구조,1,2,1→2,4.16,모형,zipf 4.16 — 보통,⚠️동음이의 — 빈도가 뜻을 구분 못 함
모형,모양이 같은 물건을 만들거나 찍어 내는 틀,1,2,1→2,4.16,모형,zipf 4.16 — 보통,⚠️동음이의 — 빈도가 뜻을 구분 못 함
부합,사물이나 현상이 서로 꼭 들어맞음,1,2,1→2,3.72,부합,zipf 3.72 — 보통,⚠️동음이의 — 빈도가 뜻을 구분 못 함
부합,서로 맞대어 붙임,1,2,1→2,3.72,부합,zipf 3.72 — 보통,⚠️동음이의 — 빈도가 뜻을 구분 못 함
수렴,돈이나 물건 등을 거두어들임,3,2,3→2,3.92,수렴,zipf 3.92 — 보통,⚠️동음이의 — 빈도가 뜻을 구분 못 함
수반,"행정부 등 조직의 우두머리, 으뜸가는 자리에 있는 사람",3,2,3→2,3.80,수반,zipf 3.80 — 보통,⚠️동음이의 — 빈도가 뜻을 구분 못 함
수용성,어떤 물질이 물에 녹는 성질,3,2,3→2,3.03,수용성,zipf 3.03 — 보통,⚠️동음이의 — 빈도가 뜻을 구분 못 함
역학,"물리에서, 물체의 운동에 관한 법칙을 연구하는 학문",3,2,3→2,3.91,역학,zipf 3.91 — 보통,⚠️동음이의 — 빈도가 뜻을 구분 못 함
지연,일이나 시간이 예정보다 늦어짐,1,2,1→2,4.23,지연,zipf 4.23 — 보통,⚠️동음이의 — 빈도가 뜻을 구분 못 함
지연,태어났거나 사는 지역에 의해 맺어지는 인간관계,1,2,1→2,4.23,지연,zipf 4.23 — 보통,⚠️동음이의 — 빈도가 뜻을 구분 못 함
지표,지구나 땅의 겉면,3,2,3→2,4.04,지표,zipf 4.04 — 보통,⚠️동음이의 — 빈도가 뜻을 구분 못 함
치중,어떠한 것에 특히 중점을 둠.,1,2,1→2,3.38,치중,zipf 3.38 — 보통,⚠️동음이의 — 빈도가 뜻을 구분 못 함
향상,실력이나 수준 따위를 더 좋게 만듦,2,1,2→1,4.51,향상,zipf 4.51 — 익숙,⚠️동음이의 — 빈도가 뜻을 구분 못 함
수렴,여럿으로 나뉜 의견이나 사상을 하나로 모음,2,2,,3.92,수렴,zipf 3.92 — 보통,⚠️동음이의 — 빈도가 뜻을 구분 못 함
수반,어떤 일과 더불어 생김,2,2,,3.80,수반,zipf 3.80 — 보통,⚠️동음이의 — 빈도가 뜻을 구분 못 함
수용성,어떠한 것을 있는 그대로 받아들이는 성질이나 능력,2,2,,3.03,수용성,zipf 3.03 — 보통,⚠️동음이의 — 빈도가 뜻을 구분 못 함
역학,사물이나 현상 사이에서 작용하는 힘의 관계,2,2,,3.91,역학,zipf 3.91 — 보통,⚠️동음이의 — 빈도가 뜻을 구분 못 함
지속적,어떤 상태가 오래 계속되는. 또는 그런 것,3,3,,4.77,지속+적,보류 — 토큰 2개로 쪼개져 값이 조각 빈도(지속+적),⚠️동음이의 — 빈도가 뜻을 구분 못 함
지속적,어떤 상태나 현상이 오래 계속되는 모양.,2,2,,4.77,지속+적,보류 — 토큰 2개로 쪼개져 값이 조각 빈도(지속+적),⚠️동음이의 — 빈도가 뜻을 구분 못 함
지표,"방향이나 목적, 기준 따위를 나타내는 표지",2,2,,4.04,지표,zipf 4.04 — 보통,⚠️동음이의 — 빈도가 뜻을 구분 못 함
치중,어느 한쪽으로 무게가 쏠림,2,2,,3.38,치중,zipf 3.38 — 보통,⚠️동음이의 — 빈도가 뜻을 구분 못 함
편입,어떤 조직이나 체계의 안으로 들어가거나 들어오게 함,2,2,,3.97,편입,zipf 3.97 — 보통,⚠️동음이의 — 빈도가 뜻을 구분 못 함
편입,조직이나 체계의 일부로 들어감,2,2,,3.97,편입,zipf 3.97 — 보통,⚠️동음이의 — 빈도가 뜻을 구분 못 함
향상,"실력, 수준, 기술 따위가 나아짐. 또는 나아지게 함",1,1,,4.51,향상,zipf 4.51 — 익숙,⚠️동음이의 — 빈도가 뜻을 구분 못 함
가변성,상황에 따라 변하기 쉬운 성질,1,3,1→3,0.00,가변성,빈도표에 없음 → 매우 드묾,
감화,좋은 영향을 받아 생각이나 감정이 바람직하게 변화함. 또는 그렇게 변하게,1,3,1→3,0.00,감화,빈도표에 없음 → 매우 드묾,
개가,싸움에서 이기고 돌아올 때에 부르는 노래,1,3,1→3,0.00,개가,빈도표에 없음 → 매우 드묾,
개간,거친 땅이나 버려 둔 땅을 일구어 논밭이나 쓸모 있는 땅으로 만듦.,1,3,1→3,0.00,개간,빈도표에 없음 → 매우 드묾,
개괄,중요한 내용이나 줄거리를 대강 추려 냄,1,3,1→3,0.00,개괄,빈도표에 없음 → 매우 드묾,
검증,검사하여 사실임을 증명함,3,1,3→1,4.66,검증,zipf 4.66 — 익숙,
견실,생각이나 태도 따위가 믿음직스럽게 굳고 착실함,1,3,1→3,0.00,견실,빈도표에 없음 → 매우 드묾,
계책,어떤 일을 이루기 위하여 꾀나 방법을 생각해 냄. 또는 그 꾀나 방법,1,3,1→3,0.00,계책,빈도표에 없음 → 매우 드묾,
극적,극의 특성을 띤. 또는 그런 것,1,3,1→3,0.00,극적,빈도표에 없음 → 매우 드묾,
기개,씩씩한 기상과 굳은 절개,1,3,1→3,0.00,기개,빈도표에 없음 → 매우 드묾,
내실,내부의 실제 사정,1,3,1→3,0.00,내실,빈도표에 없음 → 매우 드묾,
논박,어떤 주장이나 의견에 대하여 그 잘못된 점을 조리 있게 공격하여 말함,1,3,1→3,0.00,논박,빈도표에 없음 → 매우 드묾,
논변,사리의 옳고 그름을 밝히어 말함. 또는 그런 말이나 의견,1,3,1→3,0.00,논변,빈도표에 없음 → 매우 드묾,
논외,논의의 범위 밖,1,3,1→3,0.00,논외,빈도표에 없음 → 매우 드묾,
논지,논하는 말이나 글의 취지,1,3,1→3,0.00,논지,빈도표에 없음 → 매우 드묾,
단초,일이나 사건을 풀어 나갈 수 있는 첫머리,1,3,1→3,0.00,단초,빈도표에 없음 → 매우 드묾,
덕망,덕행으로 얻은 명망,1,3,1→3,0.00,덕망,빈도표에 없음 → 매우 드묾,
도상,길 위,1,3,1→3,0.00,도상,빈도표에 없음 → 매우 드묾,
미감,아름다움에 대한 느낌. 또는 아름다운 느낌,1,3,1→3,0.00,미감,빈도표에 없음 → 매우 드묾,
방종,제멋대로 행동하여 거리낌이 없음,1,3,1→3,0.00,방종,빈도표에 없음 → 매우 드묾,
배가,갑절 또는 몇 배로 늘어남. 또는 그렇게 늘림.,1,3,1→3,0.00,배가,빈도표에 없음 → 매우 드묾,
배치,서로 조화되지 않고 반대가 되어 맞지 아니함,3,1,3→1,4.74,배치,zipf 4.74 — 익숙,
범례,책의 첫머리에 그 책의 내용이나 쓰는 방법 따위에 관한 참고 사항을 설명,1,3,1→3,0.00,범례,빈도표에 없음 → 매우 드묾,
변별,사물의 옳고 그름이나 좋고 나쁨을 가림,1,3,1→3,0.00,변별,빈도표에 없음 → 매우 드묾,
병치,두 가지 이상의 것을 한곳에 나란히 두거나 설치함,1,3,1→3,0.00,병치,빈도표에 없음 → 매우 드묾,
보필,윗사람의 일을 도움. 또는 그런 사람.,1,3,1→3,0.00,보필,빈도표에 없음 → 매우 드묾,
본위,(흔히 명사 뒤에 쓰여) 판단이나 행동에서 중심이 되는 기준,1,3,1→3,0.00,본위,빈도표에 없음 → 매우 드묾,
사익,개인의 이익,1,3,1→3,0.00,사익,빈도표에 없음 → 매우 드묾,
사장,"가치 있는 물건, 인재, 아이디어 등이 세상에 빛을 보지 못하고 파묻힘",3,1,3→1,4.87,사장,zipf 4.87 — 익숙,
상념,마음속에 품고 있는 여러 가지 생각,1,3,1→3,0.00,상념,빈도표에 없음 → 매우 드묾,
상통,서로 막힘이 없이 길이 트임,1,3,1→3,0.00,상통,빈도표에 없음 → 매우 드묾,
세태,"사람들의 일상생활, 풍습 따위에서 보이는 세상의 상태나 형편.",1,3,1→3,0.00,세태,빈도표에 없음 → 매우 드묾,
소임,맡은 바 직책이나 임무,1,3,1→3,0.00,소임,빈도표에 없음 → 매우 드묾,
수취,거두어 모음,1,3,1→3,0.00,수취,빈도표에 없음 → 매우 드묾,
습속,오랫동안 굳어져 내려온 생활 방식이나 행동 양식,1,3,1→3,0.00,습속,빈도표에 없음 → 매우 드묾,
시각화,보이지 않는 추상적인 것을 일정한 형태로 나타내어 보이게 함,1,3,1→3,0.00,시각화,빈도표에 없음 → 매우 드묾,
안배,알맞게 잘 배치하거나 처리함,1,3,1→3,0.00,안배,빈도표에 없음 → 매우 드묾,
알짜,여럿 가운데 가장 중요하거나 훌륭한 물건,1,3,1→3,0.00,알짜,빈도표에 없음 → 매우 드묾,
압제,권력이나 폭력으로 남을 꼼짝 못하게 강제로 누름,1,3,1→3,0.00,압제,빈도표에 없음 → 매우 드묾,
액면,말이나 글에 겉으로 드러난 그대로의 내용,1,3,1→3,0.00,액면,빈도표에 없음 → 매우 드묾,
양적,세거나 잴 수 있는 분량이나 수량과 관계된. 또는 그런 것,1,3,1→3,0.00,양적,빈도표에 없음 → 매우 드묾,
언중,같은 언어를 사용하면서 공동생활을 하는 언어 사회 안의 대중.,1,3,1→3,0.00,언중,빈도표에 없음 → 매우 드묾,
영상,머릿속에서 그려지는 사물의 모습이나 광경,3,1,3→1,5.18,영상,zipf 5.18 — 익숙,
영속성,영원히 계속되어 끊어지지 않는 성질,1,3,1→3,0.00,영속성,빈도표에 없음 → 매우 드묾,
영합,사사로운 이익을 위하여 아첨하며 좇음,1,3,1→3,0.00,영합,빈도표에 없음 → 매우 드묾,
용례,쓰고 있는 예. 또는 용법의 보기,1,3,1→3,0.00,용례,빈도표에 없음 → 매우 드묾,
월권,자기 권한 밖의 일에 관여함,1,3,1→3,0.00,월권,빈도표에 없음 → 매우 드묾,
육필,손으로 직접 쓴 글씨,1,3,1→3,0.00,육필,빈도표에 없음 → 매우 드묾,
융성,기운차게 일어나거나 대단히 번성함,1,3,1→3,0.00,융성,빈도표에 없음 → 매우 드묾,
이기심,자기 자신의 이익과 평안만을 생각하고 타인을 배려하지 않는 마음,1,3,1→3,0.00,이기심,빈도표에 없음 → 매우 드묾,
이입,옮기어 들임,1,3,1→3,0.00,이입,빈도표에 없음 → 매우 드묾,
인습,이전부터 전하여 내려오는 습관,1,3,1→3,0.00,인습,빈도표에 없음 → 매우 드묾,
쟁탈,서로 다투어 빼앗음,1,3,1→3,0.00,쟁탈,빈도표에 없음 → 매우 드묾,
점층,글에서 점진적으로 어구를 겹쳐 가면서 문장의 포괄적인 내용과 뜻을 넓혀 ,1,3,1→3,0.00,점층,빈도표에 없음 → 매우 드묾,
접근성,"특정 대상이나 정보, 장소에 쉽게 닿거나 다가갈 수 있는 정도",1,3,1→3,0.00,접근성,빈도표에 없음 → 매우 드묾,
정취,깊은 정서를 자아내는 흥취,1,3,1→3,0.00,정취,빈도표에 없음 → 매우 드묾,
제언,의견이나 생각을 내놓음. 또는 그 의견이나 생각,1,3,1→3,0.00,제언,빈도표에 없음 → 매우 드묾,
제후,봉건 시대에 일정한 영토를 가지고 그 영내의 백성을 지배하는 권력을 가지,1,3,1→3,0.00,제후,빈도표에 없음 → 매우 드묾,
조어,새로 말을 만듦. 또는 그렇게 만든 말,1,3,1→3,0.00,조어,빈도표에 없음 → 매우 드묾,
집정,정권을 잡음,1,3,1→3,0.00,집정,빈도표에 없음 → 매우 드묾,
착상,어떤 일이나 창작의 실마리가 되는 생각이나 구상 따위를 잡음. 또는 그 ,1,3,1→3,0.00,착상,빈도표에 없음 → 매우 드묾,
창안,"어떤 방안, 물건 따위를 처음으로 생각하여 냄. 또는 그런 생각이나 방안",1,3,1→3,0.00,창안,빈도표에 없음 → 매우 드묾,
창제,전에 없던 것을 처음으로 만들거나 제정함,1,3,1→3,0.00,창제,빈도표에 없음 → 매우 드묾,
체납,세금 따위를 기한까지 내지 못하여 밀림.,1,3,1→3,0.00,체납,빈도표에 없음 → 매우 드묾,
체취,몸에서 나는 냄새.,1,3,1→3,0.00,체취,빈도표에 없음 → 매우 드묾,
타성,오래되어 굳어진 좋지 않은 버릇,1,3,1→3,0.00,타성,빈도표에 없음 → 매우 드묾,
표음,문자나 부호로 소리를 나타내는 일,1,3,1→3,0.00,표음,빈도표에 없음 → 매우 드묾,
합일,둘 이상이 합하여 하나가 됨. 또는 그렇게 만듦,1,3,1→3,0.00,합일,빈도표에 없음 → 매우 드묾,
혜안,사물을 꿰뚫어 보는 안목과 식견,1,3,1→3,0.00,혜안,빈도표에 없음 → 매우 드묾,
회한,뉘우치고 한탄함.,1,3,1→3,0.00,회한,빈도표에 없음 → 매우 드묾,
획정,경계 따위를 명확히 구별하여 정함,1,3,1→3,0.00,획정,빈도표에 없음 → 매우 드묾,
흡착,어떤 물질이 달라붙음,1,3,1→3,0.00,흡착,빈도표에 없음 → 매우 드묾,
흥망,잘되어 일어남과 못되어 없어짐,1,3,1→3,0.00,흥망,빈도표에 없음 → 매우 드묾,
가령,가정하여 말하여.,1,2,1→2,3.63,가령,zipf 3.63 — 보통,
가상,실물처럼 보이는 거짓 형상,1,2,1→2,4.43,가상,zipf 4.43 — 보통,
가중,책임이나 부담 따위를 더 무겁게 함,1,2,1→2,3.59,가중,zipf 3.59 — 보통,
가처분,법원이 확정 판결을 내리기 전까지 임시로 내리는 처분.,1,2,1→2,3.07,가처분,zipf 3.07 — 보통,
간과,큰 관심 없이 대강 보아 넘김,1,2,1→2,3.61,간과,zipf 3.61 — 보통,
간섭,직접 관계가 없는 남의 일에 부당하게 참견함,1,2,1→2,4.09,간섭,zipf 4.09 — 보통,
간이,"간단하고 편리함. 물건의 내용, 형식이나 시설 따위를 줄이거나 간편하게 ",1,2,1→2,3.05,간이,zipf 3.05 — 보통,
간주,"상태, 모양, 성질 따위가 그와 같다고 봄. 또는 그렇다고 여김",1,2,1→2,4.21,간주,zipf 4.21 — 보통,
갈등,목표나 이해관계가 달라 서로 적대시하거나 충돌함. 또는 마음속에서 상반된,1,2,1→2,4.44,갈등,zipf 4.44 — 보통,
감격,마음에 깊이 느끼어 크게 감동함. 또는 그 감동,1,2,1→2,3.69,감격,zipf 3.69 — 보통,
감소,수량이나 정도가 줄어듦,2,1,2→1,4.58,감소,zipf 4.58 — 익숙,
감수,책망이나 괴로움 따위를 달갑게 받아들임,1,2,1→2,4.15,감수,zipf 4.15 — 보통,
감지,느끼어 앎,1,2,1→2,4.26,감지,zipf 4.26 — 보통,
감회,지난 일을 돌이켜 볼 때 느껴지는 회포,3,2,3→2,3.07,감회,zipf 3.07 — 보통,
강경론,자기의 의견이나 입장을 절대로 타협하거나 굽히지 말아야 한다고 주장하는 ,2,3,2→3,0.00,강경론,빈도표에 없음 → 매우 드묾,
강구,좋은 대책과 방법을 궁리하여 찾아내거나 좋은 대책을 세움,1,2,1→2,3.65,강구,zipf 3.65 — 보통,
강화,세력이나 힘을 더 강하고 튼튼하게 함,2,1,2→1,4.81,강화,zipf 4.81 — 익숙,
개막,공연이나 경기 따위를 시작함,1,2,1→2,4.11,개막,zipf 4.11 — 보통,
개별,(주로 일부 명사 앞에 쓰여) 여럿 중에서 하나씩 따로 나뉘어 있는 상태,1,2,1→2,4.29,개별,zipf 4.29 — 보통,
개선,"잘못된 것이나 부족한 것, 나쁜 것 따위를 고쳐 더 좋게 만듦",2,1,2→1,4.65,개선,zipf 4.65 — 익숙,
개요,간결하게 추려 낸 주요 내용,1,2,1→2,3.99,개요,zipf 3.99 — 보통,
개입,자신과 직접적인 관계가 없는 일에 끼어듦,1,2,1→2,4.36,개입,zipf 4.36 — 보통,
개조,고쳐 만들거나 바꿈,1,2,1→2,4.05,개조,zipf 4.05 — 보통,
개최,모임이나 행사 따위를 주최하여 엶,2,1,2→1,5.07,개최,zipf 5.07 — 익숙,
개탄,분하거나 못마땅하게 여겨 한탄함. 또는 그 한탄,3,2,3→2,3.01,개탄,zipf 3.01 — 보통,
거론,어떤 사항을 논제로 삼아 제기하거나 논의함,1,2,1→2,3.96,거론,zipf 3.96 — 보통,
걸작,매우 훌륭한 작품,1,2,1→2,3.63,걸작,zipf 3.63 — 보통,
검열,어떤 행위나 사업 따위를 살펴 조사하는 일,1,2,1→2,3.79,검열,zipf 3.79 — 보통,
검토,어떤 사실이나 내용을 분석하여 따짐,1,2,1→2,4.40,검토,zipf 4.40 — 보통,
격려,용기나 의욕이 솟아나도록 북돋워 줌,1,2,1→2,3.86,격려,zipf 3.86 — 보통,
격리,다른 것과 통하지 못하게 사이를 막거나 떼어 놓음,1,2,1→2,4.00,격리,zipf 4.00 — 보통,
격변,상황 따위가 갑자기 심하게 변함.,1,2,1→2,3.14,격변,zipf 3.14 — 보통,
격차,"빈부, 임금, 기술 수준 따위가 서로 벌어져 다른 정도",1,2,1→2,3.86,격차,zipf 3.86 — 보통,
견제,일정한 작용을 가함으로써 상대편이 지나치게 세력을 펴거나 자유롭게 행동하,1,2,1→2,3.96,견제,zipf 3.96 — 보통,
견지,어떤 입장이나 태도를 굳게 이어 나감,3,2,3→2,3.44,견지,zipf 3.44 — 보통,
견해,사물이나 현상에 대한 자기의 의견이나 생각,1,2,1→2,4.17,견해,zipf 4.17 — 보통,
결단,결정적인 판단을 하거나 단정을 내림. 또는 그런 판단이나 단정,1,2,1→2,3.64,결단,zipf 3.64 — 보통,
결부,일정한 사물이나 현상을 서로 연관시킴,1,2,1→2,3.28,결부,zipf 3.28 — 보통,
결속,뜻이나 뜻을 같이하여 마음이나 힘을 하나로 굳게 묶음,1,2,1→2,3.46,결속,zipf 3.46 — 보통,
결심,할 일에 대하여 어떻게 하기로 마음을 굳게 정함,1,2,1→2,4.28,결심,zipf 4.28 — 보통,
결여,마땅히 있어야 할 것이 빠져서 없거나 모자람.,1,2,1→2,3.55,결여,zipf 3.55 — 보통,
결함,부족하거나 완전하지 못한 부분,1,2,1→2,4.08,결함,zipf 4.08 — 보통,
겸손,남을 존중하고 자기를 내세우지 않는 태도,1,2,1→2,3.86,겸손,zipf 3.86 — 보통,
경감,부담이나 고통 따위를 덜어서 가볍게 함,1,2,1→2,3.83,경감,zipf 3.83 — 보통,
경계,사물들이 구분되는 한계,2,1,2→1,4.56,경계,zipf 4.56 — 익숙,
경력,어떤 분야에서 일해 온 경험이나 과정,2,1,2→1,4.60,경력,zipf 4.60 — 익숙,
경륜,일정한 포부를 가지고 일을 조직적으로 계획함. 또는 그 계획이나 포부,1,2,1→2,3.61,경륜,zipf 3.61 — 보통,
경영난,기업을 운영하는 데 겪는 경제적인 어려움,2,3,2→3,0.00,경영난,빈도표에 없음 → 매우 드묾,
경외,대상의 위대함에 압도되어 두려워하면서도 우러러보는 마음,3,2,3→2,3.07,경외,zipf 3.07 — 보통,
경유,어떤 곳을 거쳐 지남,1,2,1→2,3.93,경유,zipf 3.93 — 보통,
경직,몸 따위가 굳어서 뻣뻣하게 됨. ‘굳음’으로 순화,1,2,1→2,3.52,경직,zipf 3.52 — 보통,
경향,"현상이나 사상, 행동 따위가 어떤 방향으로 기울어짐",1,2,1→2,4.45,경향,zipf 4.45 — 보통,
경향성,어떤 방향으로 쏠리거나 치우쳐 흘러가려는 특성,2,3,2→3,0.00,경향성,빈도표에 없음 → 매우 드묾,
계량,수량을 헤아림,1,2,1→2,3.35,계량,zipf 3.35 — 보통,
계몽,이성의 빛을 통해 사람들의 어리석음과 편견을 깨우쳐 밝혀 줌,3,2,3→2,3.37,계몽,zipf 3.37 — 보통,
계보,조상 때부터 내려오는 혈통과 집안의 역사를 적은 책,1,2,1→2,3.32,계보,zipf 3.32 — 보통,
계승,"조상의 전통이나 문화유산, 업적 따위를 물려받아 이어 나감",1,2,1→2,3.95,계승,zipf 3.95 — 보통,
계열,서로 관련이 있거나 유사한 점이 있어서 한 갈래로 이어지는 계통이나 조직,1,2,1→2,4.41,계열,zipf 4.41 — 보통,
고갈,자원이나 물자 따위가 다하여 없어짐,1,2,1→2,3.50,고갈,zipf 3.50 — 보통,
고뇌,괴로워하고 번뇌함,1,2,1→2,3.46,고뇌,zipf 3.46 — 보통,
고립,다른 사람이나 사회와 관계를 끊고 홀로 남겨진 상태,1,2,1→2,3.97,고립,zipf 3.97 — 보통,
고수,차지한 물건이나 형세 따위를 굳게 지킴.,1,2,1→2,4.12,고수,zipf 4.12 — 보통,
고심,몹시 애를 태우며 마음을 씀. ‘애씀’으로 순화,1,2,1→2,3.44,고심,zipf 3.44 — 보통,
고안,연구하여 새로운 안을 생각해 냄. 또는 그 안.,1,2,1→2,3.83,고안,zipf 3.83 — 보통,
고유,본래부터 가지고 있는 특유한 것,1,2,1→2,4.33,고유,zipf 4.33 — 보통,
고증,"예전에 있던 사물들의 시대, 가치, 내용 따위를 옛 문헌이나 물건에 기초",1,2,1→2,3.40,고증,zipf 3.40 — 보통,
고찰,깊이 생각하고 면밀히 연구함,3,2,3→2,3.70,고찰,zipf 3.70 — 보통,
고취,"힘이나 의지, 감정 등을 돋우고 부추겨 일으킴",3,2,3→2,3.42,고취,zipf 3.42 — 보통,
공론,여럿이 의논함. 또는 그런 의논.,1,2,1→2,3.74,공론,zipf 3.74 — 보통,
공명,남의 사상이나 감정에 깊이 동감하여 마음에 울림을 일으킴,3,2,3→2,3.65,공명,zipf 3.65 — 보통,
공식,국가나 공공 기관에서 인정하거나 내세우는 것,2,1,2→1,5.16,공식,zipf 5.16 — 익숙,
공익,사회 전체의 이익,1,2,1→2,4.00,공익,zipf 4.00 — 보통,
공통점,여럿 사이에 두루 통하는 점,1,2,1→2,4.00,공통점,zipf 4.00 — 보통,
공해,산업이나 교통의 발달에 따라 사람이나 생물이 입게 되는 여러 가지 피해.,1,2,1→2,3.49,공해,zipf 3.49 — 보통,
공헌,힘을 써 이바지함,1,2,1→2,4.22,공헌,zipf 4.22 — 보통,
과시,자랑하여 보임,1,2,1→2,3.74,과시,zipf 3.74 — 보통,
관건,어떤 일의 성패를 좌우하는 가장 중요한 부분,1,2,1→2,3.18,관건,zipf 3.18 — 보통,
관계,둘 이상의 사람이나 사물 등이 서로 관련을 맺음.,2,1,2→1,5.40,관계,zipf 5.40 — 익숙,
관념,어떤 일에 대한 견해나 생각,1,2,1→2,4.01,관념,zipf 4.01 — 보통,
관습,어떤 사회에서 오랫동안 지켜 내려와 그 사회 성원들이 널리 인정하는 질서,1,2,1→2,3.76,관습,zipf 3.76 — 보통,
관점,"사물이나 현상을 관찰할 때, 그 사람이 보고 생각하는 태도나 방향 또는 ",1,2,1→2,4.45,관점,zipf 4.45 — 보통,
관조,들끓는 욕망이나 주관적 감정을 걷어내고 고요한 마음으로 세상을 응시함,3,2,3→2,3.02,관조,zipf 3.02 — 보통,
관측,"육안이나 기계로 자연 현상, 특히 천체나 기상의 상태와 변화 따위를 관찰",1,2,1→2,4.22,관측,zipf 4.22 — 보통,
괴리,서로 조화를 이루지 못하고 어긋나 틈이 벌어지고 동떨어짐,3,2,3→2,3.25,괴리,zipf 3.25 — 보통,
교란,"마음이나 상황 따위를 뒤흔들어서 어지럽고 혼란하게 함. ‘어지럽힘’, ‘",1,2,1→2,3.69,교란,zipf 3.69 — 보통,
교섭,어떤 일을 이루기 위하여 서로 의논하고 절충함,1,2,1→2,3.80,교섭,zipf 3.80 — 보통,
교차,서로 엇갈리거나 마주침,1,2,1→2,3.97,교차,zipf 3.97 — 보통,
구명,"사물의 본질, 원인 따위를 깊이 연구하여 밝힘",1,2,1→2,3.26,구명,zipf 3.26 — 보통,
구비,있어야 할 것을 빠짐없이 다 갖춤.,1,2,1→2,3.69,구비,zipf 3.69 — 보통,
구사,"말이나 수사법, 기교 따위를 능숙하게 마음대로 부려 씀.",1,2,1→2,4.18,구사,zipf 4.18 — 보통,
구실,자기가 마땅히 해야 할 맡은 바 책임,1,2,1→2,3.79,구실,zipf 3.79 — 보통,
구현,어떤 내용이 구체적인 사실로 나타나게 함,1,2,1→2,4.36,구현,zipf 4.36 — 보통,
국면,어떤 일이 벌어진 장면이나 형편,1,2,1→2,3.48,국면,zipf 3.48 — 보통,
국한,범위나 한계를 일정한 부분에 한정함,3,2,3→2,3.61,국한,zipf 3.61 — 보통,
굴복,힘이 모자라서 복종함,1,2,1→2,3.76,굴복,zipf 3.76 — 보통,
권장,권하여 장려함,1,2,1→2,3.94,권장,zipf 3.94 — 보통,
궤도,수레가 지나간 바큇자국이 난 길.,1,2,1→2,4.13,궤도,zipf 4.13 — 보통,
귀결,논의나 행동이 어떤 결론에 이름,3,2,3→2,3.16,귀결,zipf 3.16 — 보통,
귀속,"재산, 권리, 혹은 소속감 등이 마땅히 특정 존재나 주체에게 딸려 속함",3,2,3→2,3.66,귀속,zipf 3.66 — 보통,
규명,자세히 따져 사실을 밝힘,3,2,3→2,4.17,규명,zipf 4.17 — 보통,
근대,얼마 지나가지 않은 가까운 시대,1,2,1→2,4.33,근대,zipf 4.33 — 보통,
근무,직장에 나가 일을 함,2,1,2→1,4.80,근무,zipf 4.80 — 익숙,
근일점,행성이나 혜성이 태양을 도는 궤도상에서 태양과 가장 가까워지는 지점.,2,3,2→3,0.00,근일점,빈도표에 없음 → 매우 드묾,
급등,물가나 시세 따위가 갑자기 오름,1,2,1→2,3.15,급등,zipf 3.15 — 보통,
기만,진실을 교묘히 왜곡하여 타인이나 자기 자신을 속이고 홀림,3,2,3→2,3.69,기만,zipf 3.69 — 보통,
기미,어떤 일을 알아차릴 수 있는 눈치. 또는 일이 되어 가는 야릇한 분위기.,1,2,1→2,3.85,기미,zipf 3.85 — 보통,
기법,기교와 방법을 아울러 이르는 말,1,2,1→2,4.32,기법,zipf 4.32 — 보통,
기성,이미 이루어짐. 또는 그런 것,1,2,1→2,3.88,기성,zipf 3.88 — 보통,
기원,사물이 처음으로 생김. 또는 그런 근원,2,1,2→1,4.56,기원,zipf 4.56 — 익숙,
기조,바탕에 흐르는 기본적인 방향이나 성격,3,2,3→2,3.52,기조,zipf 3.52 — 보통,
기존,이미 존재함,2,1,2→1,4.91,기존,zipf 4.91 — 익숙,
기초,사물의 바탕이나 토대가 되는 것,2,1,2→1,4.73,기초,zipf 4.73 — 익숙,
기탁,어떤 일을 부탁하여 맡겨 둠,1,2,1→2,3.04,기탁,zipf 3.04 — 보통,
기피,꺼리거나 싫어하여 피함,1,2,1→2,3.69,기피,zipf 3.69 — 보통,
긴밀히,서로의 관계가 매우 가까워 빈틈이 없이,2,3,2→3,0.00,긴밀히,빈도표에 없음 → 매우 드묾,
꾸준히,한결같이 부지런하고 끈기 있게,1,2,1→2,4.30,꾸준히,zipf 4.30 — 보통,
끈기,쉽게 단념하지 아니하고 끈질기게 견디어 나가는 기운,1,2,1→2,3.33,끈기,zipf 3.33 — 보통,
낙관,인생이나 사물을 밝고 희망적인 것으로 봄,1,2,1→2,3.39,낙관,zipf 3.39 — 보통,
낙후,"기술이나 문화, 생활 따위의 수준이 일정한 기준에 미치지 못하고 뒤떨어짐",1,2,1→2,3.14,낙후,zipf 3.14 — 보통,
난관,일을 하여 나가면서 부딪치는 어려운 고비,1,2,1→2,3.50,난관,zipf 3.50 — 보통,
난제,해결하기 어려운 일이나 사건.,1,2,1→2,3.22,난제,zipf 3.22 — 보통,
낭비,시간이나 재물 따위를 헛되이 헤프게 씀,1,2,1→2,4.22,낭비,zipf 4.22 — 보통,
낱낱이,하나하나 빠짐없이 모두,2,3,2→3,0.00,낱낱이,빈도표에 없음 → 매우 드묾,
내막,겉으로 드러나지 아니한 일의 속 내용. ‘속사정’으로 순화,1,2,1→2,3.29,내막,zipf 3.29 — 보통,
내포,어떤 성질이나 뜻 따위를 속에 품음,1,2,1→2,3.62,내포,zipf 3.62 — 보통,
노파심,필요 이상으로 남의 일을 걱정하고 염려하는 마음,2,3,2→3,0.00,노파심,빈도표에 없음 → 매우 드묾,
논의,어떤 문제에 대하여 서로 의견을 내어 토의함. 또는 그런 토의,1,2,1→2,4.45,논의,zipf 4.45 — 보통,
논증,옳고 그름을 이유를 들어 밝힘. 또는 그 근거나 이유,1,2,1→2,3.10,논증,zipf 3.10 — 보통,
누수,물이 샘. 또는 새어 나오는 물,1,2,1→2,3.10,누수,zipf 3.10 — 보통,
능률,일정한 시간에 할 수 있는 일의 비율,1,2,1→2,3.25,능률,zipf 3.25 — 보통,
다각화,여러 방면이나 부문에 걸치도록 함,2,3,2→3,0.00,다각화,빈도표에 없음 → 매우 드묾,
다짐,마음이나 뜻을 굳게 가다듬어 정함,1,2,1→2,3.92,다짐,zipf 3.92 — 보통,
단언,주저하지 아니하고 딱 잘라 말함,1,2,1→2,3.59,단언,zipf 3.59 — 보통,
단점,잘못되고 모자라는 점,1,2,1→2,4.20,단점,zipf 4.20 — 보통,
단행,결단하여 실행함,1,2,1→2,3.75,단행,zipf 3.75 — 보통,
담론,이야기를 주고받으며 논의함,3,2,3→2,3.46,담론,zipf 3.46 — 보통,
담보,맡아서 보증함,1,2,1→2,3.83,담보,zipf 3.83 — 보통,
대담,마주 대하고 말함. 또는 그런 말,1,2,1→2,3.96,대담,zipf 3.96 — 보통,
대동,큰 세력이 합동함,1,2,1→2,3.54,대동,zipf 3.54 — 보통,
대등,서로 견주어 높고 낮음이나 낫고 못함이 없이 비슷함,1,2,1→2,3.32,대등,zipf 3.32 — 보통,
대변,어떤 사람이나 단체를 대신하여 그의 의견이나 태도를 표함. 또는 그런 일,1,2,1→2,3.97,대변,zipf 3.97 — 보통,
대별,크게 구별하여 나눔,1,2,1→2,3.15,대별,zipf 3.15 — 보통,
대상,어떤 활동이나 관찰의 상대가 되는 것,2,1,2→1,5.29,대상,zipf 5.29 — 익숙,
대역,어떤 폭으로써 정해진 범위. 최대 주파수에서 최저 주파수까지의 구역을 말,1,2,1→2,3.82,대역,zipf 3.82 — 보통,
대응,어떤 일이나 사태에 맞추어 태도나 행동을 취함,2,1,2→1,4.72,대응,zipf 4.72 — 익숙,
대항,굽히거나 지지 않으려고 맞서서 버티거나 항거함. ‘맞서 싸움’으로 순화,1,2,1→2,4.04,대항,zipf 4.04 — 보통,
덕택,베풀어 준 은혜나 도움.,1,2,1→2,3.15,덕택,zipf 3.15 — 보통,
도리,사람이 어떤 입장에서 마땅히 행하여야 할 바른길,1,2,1→2,4.20,도리,zipf 4.20 — 보통,
도모,어떤 일을 이루기 위하여 대책과 방법을 세움,1,2,1→2,4.06,도모,zipf 4.06 — 보통,
도야,훌륭한 사람이 되도록 몸과 마음을 닦아 기름,1,2,1→2,3.26,도야,zipf 3.26 — 보통,
도취,어떠한 것에 마음이 쏠려 취하다시피 됨,2,3,2→3,0.00,도취,빈도표에 없음 → 매우 드묾,
독단,남의 의견을 듣지 않고 혼자서만 옳다고 판단하여 결정함,3,2,3→2,3.33,독단,zipf 3.33 — 보통,
독백,혼자서 중얼거림,1,2,1→2,3.16,독백,zipf 3.16 — 보통,
동률,비율이나 점수가 같음,2,3,2→3,0.00,동률,빈도표에 없음 → 매우 드묾,
동원,"어떤 목적을 이루기 위해 사람, 물자, 수단 등을 한데 모음",1,2,1→2,4.41,동원,zipf 4.41 — 보통,
동정,남의 어려운 처지를 자기 일처럼 딱하고 가엾게 여김,1,2,1→2,3.97,동정,zipf 3.97 — 보통,
동참,어떤 모임이나 일에 같이 참가함,1,2,1→2,3.99,동참,zipf 3.99 — 보통,
두루,빠짐없이 골고루,1,2,1→2,3.81,두루,zipf 3.81 — 보통,
득실,얻음과 잃음.,1,2,1→2,3.28,득실,zipf 3.28 — 보통,
등가,가치나 등급이 서로 같음,2,3,2→3,0.00,등가,빈도표에 없음 → 매우 드묾,
마련,필요한 물건이나 대책을 준비하여 갖춤,2,1,2→1,4.68,마련,zipf 4.68 — 익숙,
마무리,일의 끝을 맺음,2,1,2→1,4.67,마무리,zipf 4.67 — 익숙,
만료,기한이 다 차서 끝남,1,2,1→2,3.79,만료,zipf 3.79 — 보통,
만류,붙들고 못 하게 말림.,1,2,1→2,3.21,만류,zipf 3.21 — 보통,
만세,아주 오랜 세대,1,2,1→2,4.27,만세,zipf 4.27 — 보통,
말살,있는 사물을 뭉개어 아주 없애 버림,1,2,1→2,3.44,말살,zipf 3.44 — 보통,
매몰,"어떠한 사소한 감정이나 환경, 눈앞의 이익에 완전히 빠져 헤어나오지 못함",1,2,1→2,3.24,매몰,zipf 3.24 — 보통,
매사,하나하나의 모든 일,1,2,1→2,3.39,매사,zipf 3.39 — 보통,
매입,물건 따위를 사들임.,1,2,1→2,4.18,매입,zipf 4.18 — 보통,
메커니즘,사물이나 현상이 일정한 인과 관계에 따라 작동하는 방식이나 구조,3,2,3→2,3.66,메커니즘,zipf 3.66 — 보통,
멸시,업신여기거나 하찮게 여겨 깔봄.,1,2,1→2,3.34,멸시,zipf 3.34 — 보통,
명소,"경치나 고적, 산물 따위로 널리 알려진 곳. ‘이름난 곳’으로 순화",1,2,1→2,3.93,명소,zipf 3.93 — 보통,
명제,논리학에서 참과 거짓을 판별할 수 있는 논리적 진술,3,2,3→2,3.49,명제,zipf 3.49 — 보통,
모범,본받아 배울 만한 대상,1,2,1→2,3.91,모범,zipf 3.91 — 보통,
모순,앞뒤가 맞지 않거나 이치에 어긋남,3,2,3→2,4.07,모순,zipf 4.07 — 보통,
무단,사전에 허락이 없음. 또는 아무 사유가 없음,1,2,1→2,4.15,무단,zipf 4.15 — 보통,
무반주,악기의 반주 없이 노래하거나 연주함,2,3,2→3,0.00,무반주,빈도표에 없음 → 매우 드묾,
무위,아무것도 하는 일이 없음. 또는 이룬 것이 없음,1,2,1→2,3.06,무위,zipf 3.06 — 보통,
무장,전투에 필요한 장비를 갖춤. 또는 그 장비,1,2,1→2,4.40,무장,zipf 4.40 — 보통,
무지,아는 것이 없음,1,2,1→2,4.45,무지,zipf 4.45 — 보통,
물체,구체적인 형태를 가지고 있는 것,1,2,1→2,4.11,물체,zipf 4.11 — 보통,
물화,인간의 주체적 활동이나 관계가 물질적인 객체나 상품처럼 여겨지는 현상,2,3,2→3,0.00,물화,빈도표에 없음 → 매우 드묾,
뭇사람,많은 사람. 또는 여러 사람.,2,3,2→3,0.00,뭇사람,빈도표에 없음 → 매우 드묾,
미덕,아름답고 갸륵한 덕행.,1,2,1→2,3.41,미덕,zipf 3.41 — 보통,
미련,깨끗이 잊지 못하고 끌리는 데가 남아 있는 마음,1,2,1→2,3.67,미련,zipf 3.67 — 보통,
미비,아직 다 갖추지 못한 상태에 있음,1,2,1→2,3.14,미비,zipf 3.14 — 보통,
미학,아름다움의 본질과 그것을 구현하는 예술을 탐구하는 학문이나 관점,3,2,3→2,3.68,미학,zipf 3.68 — 보통,
반감,반대하거나 반항하는 감정,1,2,1→2,3.55,반감,zipf 3.55 — 보통,
반론,"남의 논설이나 비난, 논평 따위에 대하여 반박함. 또는 그런 논설",1,2,1→2,3.75,반론,zipf 3.75 — 보통,
반박,"어떤 의견, 주장, 논설 따위에 반대하여 말함",1,2,1→2,4.17,반박,zipf 4.17 — 보통,
반영,다른 것에 영향을 받아 어떤 현상이 나타남. 또는 의견 등을 결과에 담아,1,2,1→2,4.42,반영,zipf 4.42 — 보통,
반증,어떤 사실이나 주장이 옳지 아니함을 그에 반대되는 근거를 들어 증명함. ,1,2,1→2,3.40,반증,zipf 3.40 — 보통,
반향,어떤 사건이나 발표 따위가 세상에 영향을 미치어 일어나는 반응,1,2,1→2,3.39,반향,zipf 3.39 — 보통,
발급,증명서 따위를 발행하여 줌.,1,2,1→2,3.99,발급,zipf 3.99 — 보통,
발로,내면의 마음이나 감정 등이 겉으로 숨김없이 드러남,3,2,3→2,3.11,발로,zipf 3.11 — 보통,
발산,"감정, 슬픔, 욕망 등을 겉으로 드러내거나 그것을 드러내어 풀어 없앰",3,2,3→2,3.82,발산,zipf 3.82 — 보통,
발상,어떤 생각을 해 냄. 또는 그 생각,1,2,1→2,3.75,발상,zipf 3.75 — 보통,
발생,어떤 사물이나 현상이 생겨남,2,1,2→1,5.24,발생,zipf 5.24 — 익숙,
방기,자신의 책임이나 내면의 의무를 소홀히 하거나 내버려 두고 돌보지 않음,1,2,1→2,3.34,방기,zipf 3.34 — 보통,
방식,일을 하거나 사물을 다루는 일정한 방법이나 형식,2,1,2→1,5.19,방식,zipf 5.19 — 익숙,
방제,재앙을 미리 막아 없앰,1,2,1→2,3.17,방제,zipf 3.17 — 보통,
방치,내버려 둠.,1,2,1→2,4.07,방치,zipf 4.07 — 보통,
방황,확고한 이정표를 잃고 마음의 안정을 찾지 못해 이리저리 방황하고 헤맴,1,2,1→2,3.78,방황,zipf 3.78 — 보통,
배달,물건을 가져다가 전해 줌,1,2,1→2,4.34,배달,zipf 4.34 — 보통,
배려,도와주거나 보살펴 주려고 마음을 씀,1,2,1→2,4.22,배려,zipf 4.22 — 보통,
배양,"인격, 역량, 사상 따위가 발전하도록 가르치고 키움",1,2,1→2,3.75,배양,zipf 3.75 — 보통,
배제,받아들이지 아니하고 물리쳐 제외함,1,2,1→2,4.12,배제,zipf 4.12 — 보통,
배출,안에서 밖으로 밀어 내보냄,1,2,1→2,4.35,배출,zipf 4.35 — 보통,
배합,이것저것을 일정한 비율로 한데 섞어 합침,1,2,1→2,3.34,배합,zipf 3.34 — 보통,
배후,등의 뒤,1,2,1→2,3.97,배후,zipf 3.97 — 보통,
변경,다르게 바꾸어 고침,2,1,2→1,5.14,변경,zipf 5.14 — 익숙,
변모,모양이나 모습이 달라지거나 바뀜. 또는 그 모양이나 모습,1,2,1→2,3.52,변모,zipf 3.52 — 보통,
변수,어떤 상황의 가변적 요인,1,2,1→2,4.29,변수,zipf 4.29 — 보통,
변천,세월의 흐름에 따라 바뀌고 변함,1,2,1→2,3.18,변천,zipf 3.18 — 보통,
변칙,원칙에서 벗어나 달라짐. 또는 그런 법칙이나 규정,1,2,1→2,3.19,변칙,zipf 3.19 — 보통,
변혁,사회의 낡은 질서나 상태를 근본적으로 바꾸어 새롭게 함,3,2,3→2,3.49,변혁,zipf 3.49 — 보통,
변환,달라져서 바뀜. 또는 다르게 하여 바꿈,1,2,1→2,4.28,변환,zipf 4.28 — 보통,
별도,원래의 것에 덧붙여서 추가한 것,1,2,1→2,4.47,별도,zipf 4.47 — 보통,
병렬,나란히 늘어섬. 또는 나란히 늘어놓음,1,2,1→2,3.42,병렬,zipf 3.42 — 보통,
병진,둘 이상이 함께 나란히 나아감,1,2,1→2,3.19,병진,zipf 3.19 — 보통,
병행,둘 이상의 일을 한꺼번에 진행함,3,2,3→2,3.91,병행,zipf 3.91 — 보통,
보강재,약한 부분을 튼튼하게 하기 위해 덧대는 재료,2,3,2→3,0.00,보강재,빈도표에 없음 → 매우 드묾,
보급,널리 펴서 많은 사람들에게 골고루 미치게 하여 누리게 함,1,2,1→2,4.40,보급,zipf 4.40 — 보통,
보람,어떤 일을 한 뒤에 돌아오는 좋은 결과나 만족감,1,2,1→2,3.84,보람,zipf 3.84 — 보통,
보수성,새로운 변화를 꺼리고 기존의 가치나 질서를 그대로 유지하려는 성향,2,3,2→3,0.00,보수성,빈도표에 없음 → 매우 드묾,
보완,모자라거나 부족한 것을 보충하여 완전하게 함,1,2,1→2,3.96,보완,zipf 3.96 — 보통,
보유,자기 것으로 가지고 있음,2,1,2→1,4.68,보유,zipf 4.68 — 익숙,
보전,온전하게 보호하여 유지함,1,2,1→2,4.10,보전,zipf 4.10 — 보통,
보충,부족한 것을 보태어 채움,1,2,1→2,4.08,보충,zipf 4.08 — 보통,
복사,물체로부터 열이나 전자기파가 사방으로 방출됨. 또는 그 열이나 전자기파.,1,2,1→2,4.32,복사,zipf 4.32 — 보통,
복습,배운 것을 다시 익힘,1,2,1→2,3.50,복습,zipf 3.50 — 보통,
본질,사물이 그 자체가 되게 하는 가장 근본적이고 변하지 않는 성질,1,2,1→2,4.28,본질,zipf 4.28 — 보통,
봉사,국가나 사회 또는 남을 위하여 애써 일함,1,2,1→2,4.39,봉사,zipf 4.39 — 보통,
부각,어떤 사물을 특징지어 두드러지게 함,1,2,1→2,3.77,부각,zipf 3.77 — 보통,
부과,세금이나 부담금 따위를 매기어 부담하게 함,1,2,1→2,3.98,부과,zipf 3.98 — 보통,
부류,동일한 범주에 속하는 대상들을 일정한 기준에 따라 나누어 놓은 갈래,3,2,3→2,3.83,부류,zipf 3.83 — 보통,
부양,생활 능력이 없는 사람의 생활을 돌봄,1,2,1→2,3.64,부양,zipf 3.64 — 보통,
부연,이해하기 쉽도록 설명을 덧붙여 자세히 말함,1,2,1→2,3.08,부연,zipf 3.08 — 보통,
부응,어떤 요구나 기대 따위에 좇아서 응함,1,2,1→2,3.33,부응,zipf 3.33 — 보통,
부조,잔칫집이나 상가(喪家) 따위에 돈이나 물건을 보내어 도와줌. 또는 돈이나,1,2,1→2,3.39,부조,zipf 3.39 — 보통,
부조리,인생이나 우주에서 이성적인 설명이 불가능한 모순되고 불합리한 상태,3,2,3→2,3.34,부조리,zipf 3.34 — 보통,
부처,정부 조직의 부와 처를 아울러 이르는 말,1,2,1→2,4.24,부처,zipf 4.24 — 보통,
분간,"사물이나 사람의 옳고 그름, 좋고 나쁨 따위와 그 정체를 구별하거나 가려",1,2,1→2,3.11,분간,zipf 3.11 — 보통,
분별,서로 다른 일이나 사물을 구별하여 가름,1,2,1→2,3.75,분별,zipf 3.75 — 보통,
분산,갈라져 흩어짐. 또는 그렇게 되게 함,1,2,1→2,4.16,분산,zipf 4.16 — 보통,
분야,여러 갈래로 나누어진 범위나 부분,2,1,2→1,4.92,분야,zipf 4.92 — 익숙,
분쟁,말썽을 일으키어 시끄럽고 복잡하게 다툼,1,2,1→2,4.43,분쟁,zipf 4.43 — 보통,
분투,있는 힘을 다하여 싸우거나 노력함,1,2,1→2,3.16,분투,zipf 3.16 — 보통,
분포,일정한 범위에 흩어져 퍼져 있음,1,2,1→2,4.10,분포,zipf 4.10 — 보통,
분할,나누어 쪼갬,1,2,1→2,4.14,분할,zipf 4.14 — 보통,
불과,어떤 수량이나 정도가 그 수준에 지나지 아니함,2,1,2→1,4.58,불과,zipf 4.58 — 익숙,
불황,경제 활동이 일반적으로 침체되는 상태. 물가와 임금이 내리고 생산이 위축,1,2,1→2,3.40,불황,zipf 3.40 — 보통,
비극,인생의 슬프고 애달픈 일을 당하여 불행한 경우를 이르는 말,1,2,1→2,4.26,비극,zipf 4.26 — 보통,
비상,뜻밖의 긴급한 사태. 또는 이에 대응하기 위하여 신속히 내려지는 명령,1,2,1→2,4.44,비상,zipf 4.44 — 보통,
비약,논리나 사고 등이 단계를 밟지 않고 건너뜀,1,2,1→2,3.43,비약,zipf 3.43 — 보통,
비율,두 수 또는 두 양의 크기를 비교하여 나타낸 값,2,1,2→1,4.57,비율,zipf 4.57 — 익숙,
비치,마련하여 갖추어 둠,1,2,1→2,4.33,비치,zipf 4.33 — 보통,
비평,"사물의 옳고 그름, 아름다움과 추함 따위를 분석하여 가치를 논함",1,2,1→2,3.84,비평,zipf 3.84 — 보통,
비확산,핵무기 따위가 널리 퍼지지 아니하게 함,2,3,2→3,0.00,비확산,빈도표에 없음 → 매우 드묾,
사례,어떤 일이 전에 실제로 일어난 예,2,1,2→1,4.63,사례,zipf 4.63 — 익숙,
사리,일의 이치,1,2,1→2,3.89,사리,zipf 3.89 — 보통,
사유,"개념, 구성, 판단 등을 통해 대상을 논리적으로 깊이 헤아리는 정신 활동",3,2,3→2,4.45,사유,zipf 4.45 — 보통,
사후,일이 끝난 뒤. 또는 일을 끝낸 뒤.,1,2,1→2,4.18,사후,zipf 4.18 — 보통,
산물,일정한 곳에서 생산되어 나오는 물건.,1,2,1→2,3.71,산물,zipf 3.71 — 보통,
산책,휴식이나 건강을 위하여 천천히 걷는 일,1,2,1→2,4.39,산책,zipf 4.39 — 보통,
상기,지난 일을 돌이켜 생각하여 냄,1,2,1→2,4.14,상기,zipf 4.14 — 보통,
상설,(주로 일부 명사 앞에 쓰여) 언제든지 이용할 수 있도록 설비와 시설을 ,1,2,1→2,3.57,상설,zipf 3.57 — 보통,
상실,가지고 있거나 누리던 소중한 것의 맥이 끊기거나 잃어버림,1,2,1→2,4.34,상실,zipf 4.34 — 보통,
상응,서로 응하거나 어울림,1,2,1→2,3.78,상응,zipf 3.78 — 보통,
상정,어떤 상황이나 조건을 임시로 머릿속에 가정하여 생각함,3,2,3→2,3.77,상정,zipf 3.77 — 보통,
생동,생기 있게 살아 움직임,1,2,1→2,3.01,생동,zipf 3.01 — 보통,
생략,전체에서 일부를 줄이거나 뺌.,1,2,1→2,4.07,생략,zipf 4.07 — 보통,
서문,책이나 논문 따위의 첫머리에 내용이나 목적 따위를 간략하게 적은 글.,1,2,1→2,3.53,서문,zipf 3.53 — 보통,
서사,개인의 역사나 사건들의 유기적인 연결을 지닌 깊이 있는 이야기,3,2,3→2,3.96,서사,zipf 3.96 — 보통,
선고,법정에서 재판장이 판결을 알림,1,2,1→2,4.45,선고,zipf 4.45 — 보통,
선동,남을 부추겨 어떤 일이나 행동에 나서도록 함,1,2,1→2,3.96,선동,zipf 3.96 — 보통,
선점,남보다 앞서서 차지함,1,2,1→2,3.69,선점,zipf 3.69 — 보통,
선정,여럿 가운데서 어떤 것을 뽑아 정함,2,1,2→1,4.98,선정,zipf 4.98 — 익숙,
선포,세상에 널리 알림,1,2,1→2,4.10,선포,zipf 4.10 — 보통,
선호,여럿 가운데서 특별히 가려서 좋아함,1,2,1→2,4.27,선호,zipf 4.27 — 보통,
설욕,지난번의 패배를 씻고 승리함,2,3,2→3,0.00,설욕,빈도표에 없음 → 매우 드묾,
설정,새로 만들어 정해 둠,2,1,2→1,4.96,설정,zipf 4.96 — 익숙,
섭취,좋은 요소를 받아들임,1,2,1→2,4.07,섭취,zipf 4.07 — 보통,
성과,이루어 낸 결실. ‘보람’으로 순화,1,2,1→2,4.48,성과,zipf 4.48 — 보통,
성립,일이나 관계 따위가 제대로 이루어짐. ‘이루어짐’으로 순화,1,2,1→2,4.15,성립,zipf 4.15 — 보통,
성장세,성장하는 기세나 경향,2,3,2→3,0.00,성장세,빈도표에 없음 → 매우 드묾,
성질,사물이나 현상이 본래 가지고 있는 고유한 특성,1,2,1→2,4.20,성질,zipf 4.20 — 보통,
성취,목적한 바를 이룸,1,2,1→2,4.00,성취,zipf 4.00 — 보통,
성행,매우 성하게 유행함,1,2,1→2,3.30,성행,zipf 3.30 — 보통,
세력,권세나 힘의 기세,2,1,2→1,4.67,세력,zipf 4.67 — 익숙,
세사,세상에서 일어나는 온갖 일,1,2,1→2,3.08,세사,zipf 3.08 — 보통,
소감,마음에 느낀 바,1,2,1→2,4.16,소감,zipf 4.16 — 보통,
소급,과거의 일에까지 효력을 미치게 함,3,2,3→2,3.15,소급,zipf 3.15 — 보통,
소멸,사라져 없어짐.,1,2,1→2,4.06,소멸,zipf 4.06 — 보통,
소명,스스로를 바쳐 실현해야 한다고 느끼는 인생의 숭고한 사명이나 역할,3,2,3→2,3.50,소명,zipf 3.50 — 보통,
소문,사람들 입에 오르내려 전하여 들리는 말,1,2,1→2,4.43,소문,zipf 4.43 — 보통,
소송,법원에 재판을 청구하여 권리나 의무를 다투는 절차,2,1,2→1,4.56,소송,zipf 4.56 — 익숙,
소외,인간이 자신이 창조한 물질이나 사회 체제에 지배당하여 인간성을 상실하고 ,3,2,3→2,3.72,소외,zipf 3.72 — 보통,
소외감,남에게 따돌림을 당하여 멀어진 듯한 느낌,2,3,2→3,0.00,소외감,빈도표에 없음 → 매우 드묾,
소원,어떤 일이 이루어지기를 바람,1,2,1→2,4.35,소원,zipf 4.35 — 보통,
속성,사물의 특징이나 성질,1,2,1→2,4.16,속성,zipf 4.16 — 보통,
쇠퇴,기세나 상태가 쇠하여 전보다 못하여 감,1,2,1→2,3.48,쇠퇴,zipf 3.48 — 보통,
수동성,스스로 결정하여 결단하지 못하고 남의 힘과 상황에 이끌려 행동하는 성질,2,3,2→3,0.00,수동성,빈도표에 없음 → 매우 드묾,
수립,"국가나 정부, 제도, 계획 따위를 이룩하여 세움",1,2,1→2,4.46,수립,zipf 4.46 — 보통,
수상,상을 받음,2,1,2→1,4.96,수상,zipf 4.96 — 익숙,
수습,학업이나 실무 따위를 배워 익힘. 또는 그런 일,1,2,1→2,4.02,수습,zipf 4.02 — 보통,
수식,겉모양을 꾸밈,1,2,1→2,3.54,수식,zipf 3.54 — 보통,
수심,매우 근심함. 또는 그런 마음,3,2,3→2,3.72,수심,zipf 3.72 — 보통,
수양,"몸과 마음을 갈고닦아 품성이나 지식, 도덕 따위를 높은 경지로 끌어올림",1,2,1→2,3.28,수양,zipf 3.28 — 보통,
수요,어떤 재화나 서비스를 일정한 가격에 사고자 하는 욕구,2,1,2→1,4.55,수요,zipf 4.55 — 익숙,
수요량,필요로 하는 물건의 양,2,3,2→3,0.00,수요량,빈도표에 없음 → 매우 드묾,
수준,사물의 가치나 등급 따위의 정도,2,1,2→1,4.93,수준,zipf 4.93 — 익숙,
숙고,곰곰이 깊이 생각함,3,2,3→2,3.09,숙고,zipf 3.09 — 보통,
순응,"환경이나 변화에 적응하여 익숙하여지거나 체계, 명령 따위에 적응하여 따름",1,2,1→2,3.48,순응,zipf 3.48 — 보통,
순화,정성 어린 가르침으로 감화(感化)함,1,2,1→2,3.37,순화,zipf 3.37 — 보통,
숭고,뜻이 높고 깨끗하여 우러러볼 만함,3,2,3→2,3.30,숭고,zipf 3.30 — 보통,
습관,오랫동안 되풀이하여 저절로 몸에 익은 행동,1,2,1→2,4.21,습관,zipf 4.21 — 보통,
습기,물기가 많아 젖은 듯한 기운,1,2,1→2,3.54,습기,zipf 3.54 — 보통,
승화,억눌린 충동이나 슬픔 등의 부정적 감정을 예술이나 학문 등 가치 있는 활,3,2,3→2,3.48,승화,zipf 3.48 — 보통,
시기,남이 잘되는 것을 샘하여 미워함,2,1,2→1,4.97,시기,zipf 4.97 — 익숙,
시사점,어떤 것에 대해 미리 알아차릴 수 있도록 간접적으로 나타내거나 일러 주는,2,3,2→3,0.00,시사점,빈도표에 없음 → 매우 드묾,
시상,시를 짓기 위한 착상이나 구상,1,2,1→2,3.97,시상,zipf 3.97 — 보통,
시정,잘못된 것을 바로잡음,1,2,1→2,4.11,시정,zipf 4.11 — 보통,
식별,분별하여 알아봄,1,2,1→2,3.99,식별,zipf 3.99 — 보통,
신뢰도,믿고 의지할 수 있는 정도,1,2,1→2,3.33,신뢰도,zipf 3.33 — 보통,
신명,흥겨운 신이나 멋,1,2,1→2,3.56,신명,zipf 3.56 — 보통,
신성,속세의 비속함에서 벗어나 함부로 침범할 수 없이 숭고하고 거룩한 가치,3,2,3→2,4.26,신성,zipf 4.26 — 보통,
신장,세력이나 권리 따위가 늘어남. 또는 늘어나게 함,1,2,1→2,4.46,신장,zipf 4.46 — 보통,
신탁,믿고 맡김,1,2,1→2,3.91,신탁,zipf 3.91 — 보통,
실존,구체적이고 현실적으로 존재하는 인간 주체의 주체적인 존재 방식,3,2,3→2,3.76,실존,zipf 3.76 — 보통,
실천,생각한 것을 실제 행동으로 옮김,1,2,1→2,4.34,실천,zipf 4.34 — 보통,
실태,있는 그대로의 상태. 또는 실제의 모양,1,2,1→2,3.82,실태,zipf 3.82 — 보통,
실현,"꿈, 기대 따위를 실제로 이룸. ‘실제 이루어짐’으로 순화",1,2,1→2,4.33,실현,zipf 4.33 — 보통,
실효성,실제로 목적한 효과를 나타내는 성질,2,3,2→3,0.00,실효성,빈도표에 없음 → 매우 드묾,
심연,끝이 보이지 않을 만큼 깊은 곳. 헤어나기 어려운 깊은 상태를 비유하는 ,3,2,3→2,3.29,심연,zipf 3.29 — 보통,
아첨,남의 환심을 사거나 잘 보이려고 알랑거림. 또는 그런 말이나 짓.,1,2,1→2,3.07,아첨,zipf 3.07 — 보통,
안도,어떤 일이 잘 진행되어 마음을 놓음,1,2,1→2,3.61,안도,zipf 3.61 — 보통,
안심,걱정이 없어져 마음을 놓음,1,2,1→2,4.44,안심,zipf 4.44 — 보통,
안착,어떤 곳에 무사하게 잘 도착함,1,2,1→2,3.34,안착,zipf 3.34 — 보통,
압도,뛰어난 힘이나 기세로 남을 눌러 꼼짝 못 하게 함,1,2,1→2,4.21,압도,zipf 4.21 — 보통,
압력,누르는 힘,1,2,1→2,4.43,압력,zipf 4.43 — 보통,
애착,몹시 사랑하거나 끌리어서 떨어지지 아니함. 또는 그런 마음,1,2,1→2,3.64,애착,zipf 3.64 — 보통,
약정,어떤 일을 약속하여 정함,1,2,1→2,3.51,약정,zipf 3.51 — 보통,
약화,세력이나 힘이 약해짐. 또는 그렇게 되게 함,1,2,1→2,3.88,약화,zipf 3.88 — 보통,
양보,자리나 물건 따위를 사양하여 남에게 내어 줌,1,2,1→2,4.01,양보,zipf 4.01 — 보통,
양분,둘로 가르거나 나눔,1,2,1→2,3.35,양분,zipf 3.35 — 보통,
양심,도덕적인 옳고 그름을 스스로 판단하여 마땅히 선을 행하고 악을 멀리하려는,1,2,1→2,4.25,양심,zipf 4.25 — 보통,
어법,말의 일정한 법칙,1,2,1→2,3.20,어법,zipf 3.20 — 보통,
어조,말의 가락,1,2,1→2,3.38,어조,zipf 3.38 — 보통,
업적,어떤 사업이나 연구 따위에서 세운 공적,1,2,1→2,4.05,업적,zipf 4.05 — 보통,
여건,주어진 조건,1,2,1→2,3.68,여건,zipf 3.68 — 보통,
여론,사회 대중의 공통된 의견,1,2,1→2,4.40,여론,zipf 4.40 — 보통,
역경,일이 순조롭지 않아 매우 어렵게 된 처지나 환경,1,2,1→2,3.47,역경,zipf 3.47 — 보통,
역류,물이 거슬러 흐름. 또는 그렇게 흐르는 물.,1,2,1→2,3.33,역류,zipf 3.33 — 보통,
역설,어떤 주의나 주장에 반대되는 이론이나 말,3,2,3→2,3.91,역설,zipf 3.91 — 보통,
역차별,어떤 집단을 우대하는 정책 때문에 오히려 다른 집단이 차별을 받게 되는 ,2,3,2→3,0.00,역차별,빈도표에 없음 → 매우 드묾,
연계,어떤 일이나 사람과 관련하여 관계를 맺음. 또는 그 관계.,1,2,1→2,4.15,연계,zipf 4.15 — 보통,
연구,어떤 일이나 사물에 대하여 깊이 있게 조사하고 생각하여 진리를 따져 보는,2,1,2→1,5.43,연구,zipf 5.43 — 익숙,
연마,"주로 돌이나 쇠붙이, 보석, 유리 따위의 고체를 갈고 닦아서 표면을 반질",1,2,1→2,3.54,연마,zipf 3.54 — 보통,
연비,자동차의 단위 연료당 주행 거리의 비율,1,2,1→2,3.21,연비,zipf 3.21 — 보통,
연산,일정한 규칙에 따라 식을 계산함,1,2,1→2,3.97,연산,zipf 3.97 — 보통,
연소,"물질이 산소와 화합할 때에, 많은 빛과 열을 내는 현상. 넓은 뜻으로는 ",1,2,1→2,3.88,연소,zipf 3.88 — 보통,
열람,책이나 문서 따위를 죽 훑어보거나 조사하면서 봄,1,2,1→2,3.59,열람,zipf 3.59 — 보통,
염두,생각의 시초,1,2,1→2,3.68,염두,zipf 3.68 — 보통,
염원,마음에 간절히 생각하고 기원함. 또는 그런 것. ‘바람,1,2,1→2,3.47,염원,zipf 3.47 — 보통,
영양,생명을 유지하고 몸을 자라게 하는 성분,1,2,1→2,4.13,영양,zipf 4.13 — 보통,
영위,일을 꾸려 나감,1,2,1→2,3.41,영위,zipf 3.41 — 보통,
예방,질병이나 사고 따위가 일어나기 전에 미리 막음,1,2,1→2,4.36,예방,zipf 4.36 — 보통,
예습,앞으로 배울 것을 미리 익힘,1,2,1→2,3.12,예습,zipf 3.12 — 보통,
예시,예를 들어 보임.,1,2,1→2,4.10,예시,zipf 4.10 — 보통,
예의,존경의 뜻을 표하기 위한 말투나 몸가짐,1,2,1→2,4.21,예의,zipf 4.21 — 보통,
예지,사물의 이치와 본질을 정확하고 날카롭게 꿰뚫어 보는 신비로운 지혜,3,2,3→2,3.68,예지,zipf 3.68 — 보통,
예측,미리 헤아려 짐작함,1,2,1→2,4.45,예측,zipf 4.45 — 보통,
오염,더럽게 물듦,1,2,1→2,4.28,오염,zipf 4.28 — 보통,
오차,실지로 셈하거나 측정한 값과 이론적으로 정확한 값과의 차이,1,2,1→2,3.57,오차,zipf 3.57 — 보통,
옹호,두둔하고 편들어 지킴,1,2,1→2,3.99,옹호,zipf 3.99 — 보통,
완결,완전하게 끝을 맺음. ‘끝냄’으로 순화,1,2,1→2,3.92,완결,zipf 3.92 — 보통,
완투,야구에서 투수가 한 경기를 끝까지 책임지고 던짐.,2,3,2→3,0.00,완투,빈도표에 없음 → 매우 드묾,
왜곡,사실이나 진실을 있는 그대로 보지 않고 그릇되게 함,1,2,1→2,4.22,왜곡,zipf 4.22 — 보통,
외양,겉으로 보이는 모양,1,2,1→2,3.11,외양,zipf 3.11 — 보통,
외출,집이나 근무지 따위에서 벗어나 잠시 밖으로 나감,1,2,1→2,4.14,외출,zipf 4.14 — 보통,
요구,받아야 할 것을 필요에 의하여 달라고 청함.,2,1,2→1,5.01,요구,zipf 5.01 — 익숙,
요령,일을 하는 데 꼭 필요한 묘한 이치나 방법.,1,2,1→2,3.64,요령,zipf 3.64 — 보통,
요인,사물이나 사건 등이 성립되는 중요한 원인,1,2,1→2,4.31,요인,zipf 4.31 — 보통,
욕구,무엇을 얻거나 무슨 일을 하고자 바라는 일,1,2,1→2,4.08,욕구,zipf 4.08 — 보통,
욕심,분수에 넘치게 무엇을 탐내는 마음,1,2,1→2,4.19,욕심,zipf 4.19 — 보통,
용서,지은 죄나 잘못에 대하여 벌하지 아니하고 덮어 줌,1,2,1→2,4.42,용서,zipf 4.42 — 보통,
용인,용납하여 인정함,1,2,1→2,4.26,용인,zipf 4.26 — 보통,
용적,물건을 담을 수 있는 부피. 혹은 용기 안을 채우는 분량,1,2,1→2,3.20,용적,zipf 3.20 — 보통,
우대,특별히 잘 대우함. 또는 그런 대우.,1,2,1→2,3.89,우대,zipf 3.89 — 보통,
우울,마음이 답답하고 활력을 잃어 깊이 침잠하여 슬픈 상태,1,2,1→2,4.31,우울,zipf 4.31 — 보통,
우월,다른 것보다 나음,1,2,1→2,3.72,우월,zipf 3.72 — 보통,
우월감,남보다 낫다고 여기는 생각이나 느낌,2,3,2→3,0.00,우월감,빈도표에 없음 → 매우 드묾,
우위,다른 사람이나 사물보다 뛰어난 위치나 수준,1,2,1→2,3.89,우위,zipf 3.89 — 보통,
운용,무엇을 움직이게 하거나 부리어 씀,1,2,1→2,4.43,운용,zipf 4.43 — 보통,
운행,정하여진 길을 따라 차량 따위를 운전하여 다님,1,2,1→2,4.38,운행,zipf 4.38 — 보통,
울분,답답하고 분함. 또는 그런 마음,3,2,3→2,3.15,울분,zipf 3.15 — 보통,
원론,근본이 되는 이론. 또는 그런 이론을 기술한 책,1,2,1→2,3.16,원론,zipf 3.16 — 보통,
원천,물이 흘러나오는 근원,1,2,1→2,3.91,원천,zipf 3.91 — 보통,
위계,벼슬의 품계,1,2,1→2,3.45,위계,zipf 3.45 — 보통,
위로,따뜻한 말이나 행동으로 괴로움이나 슬픔을 달래 줌,1,2,1→2,4.40,위로,zipf 4.40 — 보통,
위상,어떤 사물이 다른 사물과의 관계 속에서 가지는 위치나 상태,1,2,1→2,4.13,위상,zipf 4.13 — 보통,
위생,건강에 유익하도록 조건을 갖추거나 깨끗이 하는 일,1,2,1→2,3.89,위생,zipf 3.89 — 보통,
위임,어떤 일을 책임 지워 맡김. 또는 그 책임,1,2,1→2,3.90,위임,zipf 3.90 — 보통,
위증,거짓으로 증명함. 또는 그런 증거,1,2,1→2,3.21,위증,zipf 3.21 — 보통,
위축,마르거나 시들어서 우그러지고 쭈그러듦,1,2,1→2,3.53,위축,zipf 3.53 — 보통,
위탁,남에게 사물이나 사람의 책임을 맡김,1,2,1→2,4.15,위탁,zipf 4.15 — 보통,
유대,끈끈하게 결속되어 서로 밀접하게 연결되어 있음,1,2,1→2,4.01,유대,zipf 4.01 — 보통,
유동,액체 상태의 물질이나 전류 따위가 흘러 움직임,1,2,1→2,3.90,유동,zipf 3.90 — 보통,
유래,사물이나 일이 생겨남. 또는 그 사물이나 일이 생겨난 바,1,2,1→2,4.06,유래,zipf 4.06 — 보통,
유례없이,같거나 비슷한 예가 없이,2,3,2→3,0.00,유례없이,빈도표에 없음 → 매우 드묾,
유망,(일부 명사 앞에 쓰여) 앞으로 잘될 듯한 희망이나 전망이 있음,1,2,1→2,3.43,유망,zipf 3.43 — 보통,
유발,어떤 것이 다른 일을 일어나게 함,1,2,1→2,4.16,유발,zipf 4.16 — 보통,
유예,일을 실행하지 않고 기한을 미루거나 늦춤,3,2,3→2,3.50,유예,zipf 3.50 — 보통,
유익,이롭거나 도움이 될 만한 것이 있음,1,2,1→2,3.74,유익,zipf 3.74 — 보통,
유체,기체와 액체를 아울러 이르는 말.,1,2,1→2,3.72,유체,zipf 3.72 — 보통,
유포,세상에 널리 퍼짐. 또는 세상에 널리 퍼뜨림,1,2,1→2,4.01,유포,zipf 4.01 — 보통,
유해,(주로 일부 명사 앞에 쓰여) 해로움이 있음,1,2,1→2,4.09,유해,zipf 4.09 — 보통,
유행,전염병이나 문화 따위가 한동안 사회에 널리 퍼짐,1,2,1→2,4.47,유행,zipf 4.47 — 보통,
은폐,덮어 감추거나 가리어 숨김,1,2,1→2,3.71,은폐,zipf 3.71 — 보통,
응고,액체 따위가 엉겨서 뭉쳐 딱딱하게 굳어짐,1,2,1→2,3.46,응고,zipf 3.46 — 보통,
응원,"호응하여 도와줌, 곁에서 격려함",1,2,1→2,4.46,응원,zipf 4.46 — 보통,
의거,어떤 사실이나 원리 따위에 근거함,1,2,1→2,3.99,의거,zipf 3.99 — 보통,
의결,의논하여 결정함. 또는 그런 결정.,1,2,1→2,3.86,의결,zipf 3.86 — 보통,
의무,마땅히 해야 할 책무나 일,2,1,2→1,4.59,의무,zipf 4.59 — 익숙,
이견,어떠한 의견에 대한 다른 의견. 또는 서로 다른 의견,1,2,1→2,3.41,이견,zipf 3.41 — 보통,
이념,이상적인 것으로 여겨지는 생각이나 견해,1,2,1→2,4.18,이념,zipf 4.18 — 보통,
이분,둘로 나눔,1,2,1→2,4.31,이분,zipf 4.31 — 보통,
이분법,대상을 서로 완전히 반대되는 두 부분으로 나누는 논리적 구분 방법,3,2,3→2,3.12,이분법,zipf 3.12 — 보통,
이상,생각할 수 있는 범위 안에서 가장 완전하다고 여겨지는 상태,2,1,2→1,5.79,이상,zipf 5.79 — 익숙,
이상적,[관형사] [명사] 생각할 수 있는 범위 안에서 가장 완전하다고 여겨지는,2,3,2→3,0.00,이상적,빈도표에 없음 → 매우 드묾,
이윤,장사 따위를 하여 남은 돈,1,2,1→2,3.66,이윤,zipf 3.66 — 보통,
이질성,서로 바탕이 다른 성질이나 특성,2,3,2→3,0.00,이질성,빈도표에 없음 → 매우 드묾,
이착륙,비행기가 공항에 내리고 다시 떠남,2,3,2→3,0.00,이착륙,빈도표에 없음 → 매우 드묾,
이치,사물의 정당한 조리. 또는 도리에 맞는 취지.,1,2,1→2,4.33,이치,zipf 4.33 — 보통,
이해,이익과 손해를 아울러 이르는 말,2,1,2→1,5.33,이해,zipf 5.33 — 익숙,
인과,원인과 결과를 아울러 이르는 말,1,2,1→2,3.84,인과,zipf 3.84 — 보통,
인과관계,원인과 결과가 서로 유기적으로 물려 작용하는 관계,2,3,2→3,0.00,인과관계,빈도표에 없음 → 매우 드묾,
인내심,괴로움이나 어려움을 참고 견디는 마음,1,2,1→2,3.57,인내심,zipf 3.57 — 보통,
인프라,"생산이나 생활, 혹은 어떤 현상의 기반을 형성하는 중요한 토대",1,2,1→2,3.75,인프라,zipf 3.75 — 보통,
일가,한집에서 사는 가족. 또는 학문·기술·예술 분야에서 독자적인 경지나 체계,1,2,1→2,3.90,일가,zipf 3.90 — 보통,
일시성,영원하지 못하고 아주 잠깐 동안만 머물다 사라지는 성질,2,3,2→3,0.00,일시성,빈도표에 없음 → 매우 드묾,
일환,유기적으로 연결된 커다란 전체 계획이나 활동 중의 한 부분,1,2,1→2,4.08,일환,zipf 4.08 — 보통,
임대,돈을 받고 자기의 물건을 남에게 빌려줌,1,2,1→2,4.47,임대,zipf 4.47 — 보통,
임대인,임대차 계약에 따라 돈을 받고 다른 사람에게 물건을 빌려준 사람. (반),2,3,2→3,0.00,임대인,빈도표에 없음 → 매우 드묾,
임원진,조직이나 단체의 중요한 일을 맡아 처리하는 간부들의 집단,2,3,2→3,0.00,임원진,빈도표에 없음 → 매우 드묾,
입력,컴퓨터 등에 문자나 정보를 넣음,1,2,1→2,4.45,입력,zipf 4.45 — 보통,
입안,어떤 안(案)을 세움. 또는 그 안건,1,2,1→2,3.59,입안,zipf 3.59 — 보통,
입증,증거를 들어서 어떤 사실이나 주장을 증명함,3,2,3→2,4.19,입증,zipf 4.19 — 보통,
자괴감,스스로 부끄럽게 여기는 마음,3,2,3→2,3.12,자괴감,zipf 3.12 — 보통,
자생,자기 자신의 힘으로 살아감,1,2,1→2,3.58,자생,zipf 3.58 — 보통,
자신감,"자신이 있다는 느낌, 스스로를 믿는 마음",1,2,1→2,3.93,자신감,zipf 3.93 — 보통,
자율,남의 지배나 구속을 받지 아니하고 자기 스스로의 원칙에 따라 어떤 일을 ,1,2,1→2,4.14,자율,zipf 4.14 — 보통,
자족,스스로 넉넉함을 느껴 마음의 안정을 얻음,2,3,2→3,0.00,자족,빈도표에 없음 → 매우 드묾,
자질,타고난 성품이나 소질,1,2,1→2,3.74,자질,zipf 3.74 — 보통,
자취,어떤 사물이나 사람이 지나간 뒤에 남겨진 흔적,1,2,1→2,3.84,자취,zipf 3.84 — 보통,
잔재,쓰고 남은 찌꺼기.,1,2,1→2,3.24,잔재,zipf 3.24 — 보통,
잠재,겉으로 드러나지 않고 속에 잠겨 있거나 숨어 있음,1,2,1→2,4.07,잠재,zipf 4.07 — 보통,
장려,좋은 일에 힘쓰도록 북돋아 줌,1,2,1→2,3.77,장려,zipf 3.77 — 보통,
장점,좋거나 잘하거나 긍정적인 점,1,2,1→2,4.29,장점,zipf 4.29 — 보통,
재고,어떤 일이나 문제 따위에 대하여 다시 생각함.,1,2,1→2,4.15,재고,zipf 4.15 — 보통,
재원,재화나 자금이 나올 원천.,1,2,1→2,3.53,재원,zipf 3.53 — 보통,
재현,다시 나타남. 또는 다시 나타냄,1,2,1→2,4.28,재현,zipf 4.28 — 보통,
쟁점,서로 다투는 중심이 되는 점,1,2,1→2,3.51,쟁점,zipf 3.51 — 보통,
저축,절약하여 모아 둠,1,2,1→2,3.80,저축,zipf 3.80 — 보통,
저항성,외부의 압력이나 순응의 요구에 맞서 버텨내는 성질,2,3,2→3,0.00,저항성,빈도표에 없음 → 매우 드묾,
저해,막아서 못하도록 해침,1,2,1→2,3.46,저해,zipf 3.46 — 보통,
적대자,적대적인 관계에 있는 사람,2,3,2→3,0.00,적대자,빈도표에 없음 → 매우 드묾,
적성,어떤 일에 알맞은 성질이나 적응 능력. 또는 그와 같은 소질이나 성격,1,2,1→2,3.57,적성,zipf 3.57 — 보통,
전래,예로부터 전하여 내려옴,1,2,1→2,3.81,전래,zipf 3.81 — 보통,
전무,전혀 없음,1,2,1→2,3.94,전무,zipf 3.94 — 보통,
전승,"문화, 풍속, 제도 따위를 이어받아 계승함. 또는 그것을 물려주어 잇게 ",1,2,1→2,3.65,전승,zipf 3.65 — 보통,
절감,아끼어 줄임,1,2,1→2,3.72,절감,zipf 3.72 — 보통,
절망,바라볼 것이 없게 되어 모든 희망을 끊어 버림. 또는 그런 상태,1,2,1→2,4.17,절망,zipf 4.17 — 보통,
절약,함부로 쓰지 아니하고 꼭 필요한 데에만 써서 아낌,1,2,1→2,3.80,절약,zipf 3.80 — 보통,
절정,산의 맨 꼭대기. 또는 사물의 진행이나 발전이 최고의 경지에 달한 상태,1,2,1→2,3.84,절정,zipf 3.84 — 보통,
절차,일을 치르는 데 거쳐야 하는 순서나 방법,2,1,2→1,4.54,절차,zipf 4.54 — 익숙,
절충,"서로 다른 사물이나 의견, 관점 따위를 알맞게 조절하여 서로 잘 어울리게",1,2,1→2,3.27,절충,zipf 3.27 — 보통,
점검,낱낱이 검사함. 또는 그런 검사,1,2,1→2,4.08,점검,zipf 4.08 — 보통,
점화,불을 붙이거나 켬,1,2,1→2,3.38,점화,zipf 3.38 — 보통,
접근,가까이 다가감,2,1,2→1,4.93,접근,zipf 4.93 — 익숙,
정렬,가지런하게 줄지어 늘어섬. 또는 그렇게 늘어서게 함. ‘가지런히 함’으로,1,2,1→2,3.97,정렬,zipf 3.97 — 보통,
정밀,(주로 일부 명사 앞에 쓰여) 아주 정교하고 치밀하여 빈틈이 없고 자세함,1,2,1→2,4.05,정밀,zipf 4.05 — 보통,
정수,사물의 중심이 되는 골자 또는 요점,1,2,1→2,3.91,정수,zipf 3.91 — 보통,
정직,마음에 거짓이 없이 바르고 곧음,1,2,1→2,4.17,정직,zipf 4.17 — 보통,
정착,일정한 곳에 자리를 잡아 붙박이로 있거나 머물러 삶,1,2,1→2,4.39,정착,zipf 4.39 — 보통,
제공,무엇을 내주거나 갖다 바침,2,1,2→1,5.10,제공,zipf 5.10 — 익숙,
제동,기계나 자동차 따위의 운동을 멈추게 함,1,2,1→2,3.64,제동,zipf 3.64 — 보통,
제정,제도나 법률 따위를 만들어서 정함,1,2,1→2,4.40,제정,zipf 4.40 — 보통,
제휴,행동을 함께하기 위하여 서로 붙들어 도와줌,1,2,1→2,4.31,제휴,zipf 4.31 — 보통,
조달,"자금이나 물자 따위를 대어 줌. ‘대어 줌’, ‘마련함’으로 순화",1,2,1→2,3.95,조달,zipf 3.95 — 보통,
조롱,비웃거나 깔보면서 놀림,1,2,1→2,3.84,조롱,zipf 3.84 — 보통,
조사,사물의 내용을 명확히 알기 위하여 자세히 살펴봄,2,1,2→1,5.28,조사,zipf 5.28 — 익숙,
조소,흉을 보듯이 빈정거리거나 업신여기며 웃음. 또는 그렇게 웃는 웃음,3,2,3→2,3.21,조소,zipf 3.21 — 보통,
조장,바람직하지 않은 일을 더 심해지도록 부추김,1,2,1→2,3.87,조장,zipf 3.87 — 보통,
조화,서로 잘 어울림,1,2,1→2,4.20,조화,zipf 4.20 — 보통,
족보,한 가문의 계통과 혈통 관계를 적어 기록한 책,1,2,1→2,3.77,족보,zipf 3.77 — 보통,
존속,어떤 대상이 그대로 있거나 어떤 현상이 계속됨,1,2,1→2,3.59,존속,zipf 3.59 — 보통,
존중,높이어 귀중하게 대함,1,2,1→2,4.45,존중,zipf 4.45 — 보통,
종속,주된 것에 딸려 붙거나 그 지배를 받음,3,2,3→2,3.69,종속,zipf 3.69 — 보통,
종용,잘 설득하고 달래어 권함,1,2,1→2,3.32,종용,zipf 3.32 — 보통,
종전,지금보다 이전.,1,2,1→2,4.12,종전,zipf 4.12 — 보통,
종합,여러 가지를 한데 모아 합침,2,1,2→1,4.96,종합,zipf 4.96 — 익숙,
좌절,마음이나 기운이 꺾임. 또는 어떠한 계획이나 일이 도중에 실패로 돌아감,1,2,1→2,4.02,좌절,zipf 4.02 — 보통,
주눅,기운을 제대로 펴지 못하고 움츠러드는 태도나 성질,2,3,2→3,0.00,주눅,빈도표에 없음 → 매우 드묾,
주류,강물의 원줄기. 또는 사상이나 학술 따위의 주된 경향이나 갈래,1,2,1→2,4.12,주류,zipf 4.12 — 보통,
주석,낱말이나 문장의 뜻을 쉽게 풀이함. 또는 그런 글,1,2,1→2,4.17,주석,zipf 4.17 — 보통,
주체,어떤 일에 적극적으로 나서서 그 일을 주도하는 쪽,1,2,1→2,4.31,주체,zipf 4.31 — 보통,
준거,사물의 정도나 성격 따위를 알기 위한 근거나 기준,1,2,1→2,3.53,준거,zipf 3.53 — 보통,
준수,"전례나 규칙, 명령 따위를 그대로 좇아서 지킴",1,2,1→2,4.15,준수,zipf 4.15 — 보통,
중남부,중부 지방과 남부 지방을 아울러 이르는 말,2,3,2→3,0.00,중남부,빈도표에 없음 → 매우 드묾,
중복,거듭하거나 겹침,1,2,1→2,4.28,중복,zipf 4.28 — 보통,
중시,가볍게 여길 수 없을 만큼 매우 크고 중요하게 여김.,1,2,1→2,3.98,중시,zipf 3.98 — 보통,
중재,분쟁에 끼어들어 쌍방을 화해시킴,1,2,1→2,3.95,중재,zipf 3.95 — 보통,
중첩,거듭 겹치거나 포개어짐.,1,2,1→2,3.46,중첩,zipf 3.46 — 보통,
증진,기운이나 세력 따위가 점점 더 늘어 가고 나아감,1,2,1→2,3.98,증진,zipf 3.98 — 보통,
지각,알아서 깨달음. 또는 그런 능력,1,2,1→2,4.22,지각,zipf 4.22 — 보통,
지도자,어떤 단체나 조직을 이끄는 사람,2,1,2→1,4.60,지도자,zipf 4.60 — 익숙,
지불,돈을 내어 줌. 또는 값을 치름.,1,2,1→2,4.42,지불,zipf 4.42 — 보통,
지속,어떤 상태가 오래 계속됨. 또는 어떤 상태를,2,1,2→1,4.78,지속,zipf 4.78 — 익숙,
지적,허물이나 잘못 따위를 꼭 집어 말함,2,1,2→1,4.75,지적,zipf 4.75 — 익숙,
지체,때를 늦추거나 질질 끎,1,2,1→2,4.00,지체,zipf 4.00 — 보통,
지평,사물이나 사상을 바라보고 이해하는 인식의 범위나 새로운 경계,3,2,3→2,3.53,지평,zipf 3.53 — 보통,
지향,어떤 목적이나 목표에 뜻을 두고 나아감,1,2,1→2,4.31,지향,zipf 4.31 — 보통,
직무,직책이나 직업상에서 책임을 지고 담당하여 맡은 사무. ‘맡은 일’로 순화,1,2,1→2,4.29,직무,zipf 4.29 — 보통,
진부,"사상, 표현, 행동 등이 새롭지 못하고 낡음",1,2,1→2,3.49,진부,zipf 3.49 — 보통,
진술,일이나 상황에 대하여 자세하게 이야기함. 또는 그런 이야기,1,2,1→2,4.23,진술,zipf 4.23 — 보통,
진화,상황의 요구에 맞게 점차 더 완숙하고 다채로운 방향으로 발전함,2,1,2→1,4.58,진화,zipf 4.58 — 익숙,
진흥,떨치어 일어남. 또는 떨치어 일으킴,1,2,1→2,4.33,진흥,zipf 4.33 — 보통,
질서,혼란 없이 순조롭게 이루어지게 하는 차례,1,2,1→2,4.33,질서,zipf 4.33 — 보통,
질투,사랑하는 사람이 다른 사람을 좋아하는 것을 지나치게 시기하고 미워함,1,2,1→2,4.20,질투,zipf 4.20 — 보통,
짐작,사정이나 형편 따위를 어림잡아 헤아림.,1,2,1→2,4.13,짐작,zipf 4.13 — 보통,
집결,한군데로 모이거나 모여 뭉침. 또는 한군데로 모으거나 모아 뭉치게 함,1,2,1→2,3.63,집결,zipf 3.63 — 보통,
집약,한데 모아서 요약함,1,2,1→2,3.31,집약,zipf 3.31 — 보통,
집필,"붓을 잡는다는 뜻으로, 직접 글을 쓰는 것을 이르는 말",1,2,1→2,3.86,집필,zipf 3.86 — 보통,
집합,사람들을 한곳으로 모으거나 모임,1,2,1→2,3.97,집합,zipf 3.97 — 보통,
징수,"나라, 공공 단체, 지주 등이 돈, 곡식, 물품 따위를 거두어들임.",1,2,1→2,3.72,징수,zipf 3.72 — 보통,
차용,돈이나 물건 따위를 빌려서 씀,1,2,1→2,3.49,차용,zipf 3.49 — 보통,
착안,어떤 일을 해결하기 위한 실마리나 아이디어를 잡음,3,2,3→2,3.34,착안,zipf 3.34 — 보통,
참회,자신이 과거에 지은 잘못이나 죄를 가슴 깊이 뉘우치며 돌이켜 반성함,3,2,3→2,3.34,참회,zipf 3.34 — 보통,
창건,건물이나 조직체 따위를 처음으로 세우거나 만듦,1,2,1→2,3.37,창건,zipf 3.37 — 보통,
창의,새로운 의견을 생각하여 냄. 또는 그 의견,1,2,1→2,4.02,창의,zipf 4.02 — 보통,
창출,전에 없던 것을 처음으로 생각하여 지어내거나 만들어 냄. ‘새로 만듦’으,1,2,1→2,3.88,창출,zipf 3.88 — 보통,
책임감,맡아서 해야 할 일을 끝까지 해내려는 마음,1,2,1→2,3.63,책임감,zipf 3.63 — 보통,
처사,일을 처리함. 또는 그런 처리,1,2,1→2,3.32,처사,zipf 3.32 — 보통,
처신,세상을 살아가는 데 가져야 할 몸가짐이나 행동.,1,2,1→2,3.28,처신,zipf 3.28 — 보통,
처지,처하여 있는 사정이나 형편,1,2,1→2,4.03,처지,zipf 4.03 — 보통,
척결,나쁜 부분이나 요소들을 깨끗이 없애 버림,1,2,1→2,3.36,척결,zipf 3.36 — 보통,
척도,평가하거나 측정할 때 의거할 기준,1,2,1→2,3.67,척도,zipf 3.67 — 보통,
천체,"우주에 존재하는 모든 물체. 항성, 행성, 위성, 혜성, 성단, 성운, ",1,2,1→2,3.56,천체,zipf 3.56 — 보통,
철회,이미 제출하였던 것이나 주장하였던 것을 다시 회수하거나 번복함.,1,2,1→2,4.03,철회,zipf 4.03 — 보통,
첨단,시대의 사조나 유행 따위의 맨 앞장,1,2,1→2,3.98,첨단,zipf 3.98 — 보통,
체화,"지식, 철학, 혹은 가치 등을 몸에 배어 온전히 자기 것으로 만듦",2,3,2→3,0.00,체화,빈도표에 없음 → 매우 드묾,
초월,현실적이고 감각적인 한계를 뛰어넘어 더 높은 차원의 세계나 경지로 나아감,3,2,3→2,4.04,초월,zipf 4.04 — 보통,
촉구,급하게 재촉하여 요구함,1,2,1→2,4.13,촉구,zipf 4.13 — 보통,
촉매,어떤 일을 유도하거나 변화시키는 계기가 되는 것. 화학 반응의 속도를 변,1,2,1→2,3.48,촉매,zipf 3.48 — 보통,
총체,있는 것들을 모두 하나로 합친 전부 또는 전체,1,2,1→2,3.69,총체,zipf 3.69 — 보통,
추격자,뒤를 쫓아가는 사람이나 집단,2,3,2→3,0.00,추격자,빈도표에 없음 → 매우 드묾,
추구,목적을 이룰 때까지 뒤좇아 구함,1,2,1→2,4.33,추구,zipf 4.33 — 보통,
추론,미루어 생각하여 논함,1,2,1→2,3.67,추론,zipf 3.67 — 보통,
추리,알고 있는 것을 바탕으로 알지 못하는 것을 미루어서 생각함,1,2,1→2,3.95,추리,zipf 3.95 — 보통,
추상화,생생한 개별 사실들로부터 일반적이고 관념적인 개념을 뽑아내어 표현함,2,3,2→3,0.00,추상화,빈도표에 없음 → 매우 드묾,
추세,어떤 현상이 일정한 방향으로 나아가는 경향,1,2,1→2,3.88,추세,zipf 3.88 — 보통,
추정,미루어 생각하여 판정함,2,1,2→1,4.52,추정,zipf 4.52 — 익숙,
추종,남의 뒤를 따라서 좇음.,1,2,1→2,3.80,추종,zipf 3.80 — 보통,
추진,목적을 이루기 위하여 일을 밀고 나감,2,1,2→1,4.74,추진,zipf 4.74 — 익숙,
추출,"전체 속에서 어떤 물건, 생각, 요소 따위를 뽑아냄",1,2,1→2,3.98,추출,zipf 3.98 — 보통,
출력,"엔진, 발전기 따위가 내는 힘이나 에너지의 양",1,2,1→2,4.38,출력,zipf 4.38 — 보통,
출현,나타나거나 또는 나타나서 보임,1,2,1→2,4.01,출현,zipf 4.01 — 보통,
충고,남의 결함이나 잘못을 진심으로 타이름,1,2,1→2,3.79,충고,zipf 3.79 — 보통,
충당,모자라는 것을 채워 메움,1,2,1→2,3.58,충당,zipf 3.58 — 보통,
취미,전문이 아니라 즐기기 위하여 하는 일,1,2,1→2,4.33,취미,zipf 4.33 — 보통,
취지,어떤 일의 근본이 되는 목적이나 긴요한 뜻.,1,2,1→2,4.02,취지,zipf 4.02 — 보통,
측정,일정한 양을 도구로 재어 수치화함,2,1,2→1,4.58,측정,zipf 4.58 — 익숙,
측정치,측정하여 얻은 값.,2,3,2→3,0.00,측정치,빈도표에 없음 → 매우 드묾,
치열,기세나 세력 따위가 불길같이 맹렬함,1,2,1→2,3.98,치열,zipf 3.98 — 보통,
침략,정당한 이유 없이 남의 나라에 쳐들어감,1,2,1→2,3.96,침략,zipf 3.96 — 보통,
침묵,아무 말도 없이 잠잠히 있음. 또는 그런 상태,1,2,1→2,4.25,침묵,zipf 4.25 — 보통,
침해,침범하여 해를 끼침.,1,2,1→2,4.20,침해,zipf 4.20 — 보통,
칭찬,좋은 점이나 착하고 훌륭한 일을 높이 평가함,1,2,1→2,4.42,칭찬,zipf 4.42 — 보통,
쾌감,상쾌하고 즐거운 느낌,1,2,1→2,3.46,쾌감,zipf 3.46 — 보통,
탐색,드러나지 않은 사물이나 현상 따위를 찾아내거나 밝히기 위하여 살피어 찾음,1,2,1→2,3.94,탐색,zipf 3.94 — 보통,
탐지,드러나지 않은 사실이나 물건 따위를 더듬어 찾아 알아냄,1,2,1→2,4.05,탐지,zipf 4.05 — 보통,
태동,어떤 일이 생기려는 기운이 싹틈,1,2,1→2,3.21,태동,zipf 3.21 — 보통,
터전,집터가 되는 땅,1,2,1→2,3.39,터전,zipf 3.39 — 보통,
토대,어떤 사물이나 사업의 밑바탕이 되는 기초,1,2,1→2,4.13,토대,zipf 4.13 — 보통,
통념,일반적으로 널리 통하는 개념,1,2,1→2,3.37,통념,zipf 3.37 — 보통,
통용,일반적으로 두루 씀,1,2,1→2,3.57,통용,zipf 3.57 — 보통,
통찰,사물이나 현상의 이면을 정확하고 날카롭게 꿰뚫어 봄,3,2,3→2,3.27,통찰,zipf 3.27 — 보통,
투입,필요한 곳에 사람이나 물자 따위를 넣어 씀,2,1,2→1,4.50,투입,zipf 4.50 — 익숙,
투쟁,어떤 대상을 이기거나 극복하기 위한 싸움,1,2,1→2,4.45,투쟁,zipf 4.45 — 보통,
투항,적에게 항복함,1,2,1→2,3.34,투항,zipf 3.34 — 보통,
특기,남이 가지지 못한 특별한 기술이나 기능,1,2,1→2,3.85,특기,zipf 3.85 — 보통,
파문,수면에 이는 물결.,1,2,1→2,3.74,파문,zipf 3.74 — 보통,
파생,사물이 어떤 근원으로부터 갈려 나와 생김,1,2,1→2,3.83,파생,zipf 3.83 — 보통,
파악,어떤 대상의 내용이나 본질을 확실하게 이해하여 앎,1,2,1→2,4.49,파악,zipf 4.49 — 보통,
판도,한 나라의 영토. 또는 어떤 세력이 미치는 영역이나 범위,1,2,1→2,3.43,판도,zipf 3.43 — 보통,
패권주의,강대한 군사력을 배경으로 세계를 지배하려는 제국주의 정책,2,3,2→3,0.00,패권주의,빈도표에 없음 → 매우 드묾,
패러다임,어떤 한 시대 사람들의 사고를 근본적으로 규정하는 인식의 틀,3,2,3→2,3.48,패러다임,zipf 3.48 — 보통,
편성,엮어 모아서 책·신문·영화 따위를 만듦,1,2,1→2,4.27,편성,zipf 4.27 — 보통,
편중,한쪽으로 쏠리거나 치우침,2,3,2→3,0.00,편중,빈도표에 없음 → 매우 드묾,
편찬,여러 가지 자료를 모아 체계적으로 정리하여 책을 만듦.,1,2,1→2,3.53,편찬,zipf 3.53 — 보통,
편향,한쪽으로 치우침,1,2,1→2,3.65,편향,zipf 3.65 — 보통,
편협,한쪽으로 치우쳐 도량이 좁고 너그럽지 못함,1,2,1→2,3.15,편협,zipf 3.15 — 보통,
폄하,가치를 깎아내림,1,2,1→2,3.37,폄하,zipf 3.37 — 보통,
평등,권리나 의무 등이 차별 없이 고르고 한결같음,1,2,1→2,4.42,평등,zipf 4.42 — 보통,
폐단,어떤 일이나 행동에서 나타나는 옳지 못한 경향이나 해로운 현상.,1,2,1→2,3.01,폐단,zipf 3.01 — 보통,
폐해,폐단으로 생기는 해,1,2,1→2,3.27,폐해,zipf 3.27 — 보통,
포괄,일정한 대상이나 현상 따위를 어떤 범위나 한계 안에 모두 끌어 넣음,1,2,1→2,3.97,포괄,zipf 3.97 — 보통,
포상,칭찬하고 장려하여 상을 줌,1,2,1→2,3.56,포상,zipf 3.56 — 보통,
포섭,상대편을 자기편으로 감싸 끌어들임,1,2,1→2,3.20,포섭,zipf 3.20 — 보통,
포용,"남을 너그럽게 감싸 주거나 받아들임. ‘감쌈’, ‘덮어 줌’으로 순화",1,2,1→2,3.34,포용,zipf 3.34 — 보통,
표명,의사나 태도를 분명하게 드러냄. ‘밝힘’으로 순화,1,2,1→2,3.99,표명,zipf 3.99 — 보통,
표방,어떤 명목을 붙여 주의나 주장 또는 처지를 앞에 내세움,1,2,1→2,3.70,표방,zipf 3.70 — 보통,
표본,본보기로 삼을 만한 대표적인 것,1,2,1→2,3.97,표본,zipf 3.97 — 보통,
표상,감각적으로 지각된 외부 대상을 의식 속에 나타낸 상이나 생각,3,2,3→2,3.41,표상,zipf 3.41 — 보통,
표절,"시나 글, 노래 따위를 지을 때에 남의 작품의 일부를 몰래 따다 씀.",1,2,1→2,3.92,표절,zipf 3.92 — 보통,
표현,생각이나 느낌을 말이나 글로 나타냄,2,1,2→1,5.17,표현,zipf 5.17 — 익숙,
풍자,남의 결점을 다른 것에 빗대어 비웃으면서 폭로하고 공격함,1,2,1→2,3.64,풍자,zipf 3.64 — 보통,
풍조,시대에 따라 변하는 세태나 사상의 경향,1,2,1→2,3.09,풍조,zipf 3.09 — 보통,
필수,꼭 있어야 하거나 하지 않으면 안 됨.,2,1,2→1,4.51,필수,zipf 4.51 — 익숙,
필연,사물의 관련이나 일의 결과가 반드시 그렇게 될 수밖에 없음,1,2,1→2,3.67,필연,zipf 3.67 — 보통,
필요,반드시 요구되는 바가 있음.,2,1,2→1,5.75,필요,zipf 5.75 — 익숙,
하중,"어떤 물체 따위의 무게. ‘무게’, ‘짐 무게’로 순화",1,2,1→2,3.55,하중,zipf 3.55 — 보통,
함양,능력이나 품성 따위를 길러 쌓거나 갖춤.,1,2,1→2,3.89,함양,zipf 3.89 — 보통,
함유,물질이 어떤 성분을 포함하고 있음,1,2,1→2,3.84,함유,zipf 3.84 — 보통,
함의,말이나 글 속에 어떠한 뜻이 들어 있음. 또는 그 뜻,1,2,1→2,3.14,함의,zipf 3.14 — 보통,
함축,겉으로 드러내지 아니하고 속에 간직함,3,2,3→2,3.25,함축,zipf 3.25 — 보통,
합치,의견이나 주장 따위가 서로 맞아 일치함,1,2,1→2,3.86,합치,zipf 3.86 — 보통,
항변,대항하여 변론함. 또는 그런 변론,1,2,1→2,3.22,항변,zipf 3.22 — 보통,
해명,까닭이나 내용을 풀어서 밝힘,1,2,1→2,4.18,해명,zipf 4.18 — 보통,
해소,어려운 일이나 문제가 되는 상태를 해결하여 없애 버림,1,2,1→2,4.11,해소,zipf 4.11 — 보통,
해이,긴장이나 규율 따위가 풀려 마음이 느슨함. ‘풀림’으로 순화,1,2,1→2,3.03,해이,zipf 3.03 — 보통,
해체,기존의 견고한 고정관념이나 구조를 허물어 뜨려 자유롭게 함,3,2,3→2,4.19,해체,zipf 4.19 — 보통,
핵심,사물의 가장 중심이 되는 부분,2,1,2→1,4.52,핵심,zipf 4.52 — 익숙,
향수,고향을 그리워하는 마음이나 시름,1,2,1→2,4.13,향수,zipf 4.13 — 보통,
향연,특별히 융숭하게 손님을 대접하는 잔치,1,2,1→2,3.23,향연,zipf 3.23 — 보통,
허구,사실에 없는 일을 사실처럼 꾸며 만듦,1,2,1→2,3.71,허구,zipf 3.71 — 보통,
허위,진실이 아닌 것을 진실인 것처럼 꾸민 것.,1,2,1→2,4.21,허위,zipf 4.21 — 보통,
현실,실제로 존재하는 사실이나 상태,2,1,2→1,5.02,현실,zipf 5.02 — 익숙,
현존,현재 살아 있음,1,2,1→2,3.74,현존,zipf 3.74 — 보통,
협동,서로 마음과 힘을 하나로 합함,1,2,1→2,3.81,협동,zipf 3.81 — 보통,
협약,협상에 의하여 조약을 맺음. 또는 그 조약,1,2,1→2,4.19,협약,zipf 4.19 — 보통,
협연,한 독주자가 다른 독주자나 악단 따위와 함께 한 악곡을 연주함. 또는 그,1,2,1→2,3.28,협연,zipf 3.28 — 보통,
협찬,힘을 합하여 도움,1,2,1→2,3.62,협찬,zipf 3.62 — 보통,
호기심,새롭고 신기한 것에 끌리는 마음,1,2,1→2,3.94,호기심,zipf 3.94 — 보통,
호응,"부름에 응답한다는 뜻으로, 부름이나 호소 따위에 대답하거나 응함",1,2,1→2,3.86,호응,zipf 3.86 — 보통,
호황,경기(景氣)가 좋음. 또는 그런 상황,1,2,1→2,3.06,호황,zipf 3.06 — 보통,
혼동,구별하지 못하고 뒤섞어서 생각함,1,2,1→2,3.73,혼동,zipf 3.73 — 보통,
화합,화목하게 어울림.,1,2,1→2,3.72,화합,zipf 3.72 — 보통,
화해,다툼질을 그치고 안 좋은 감정을 풀어 없앰,1,2,1→2,4.14,화해,zipf 4.14 — 보통,
확립,"견해, 조직 따위가 굳게 섬. 또는 그렇게 함",1,2,1→2,4.00,확립,zipf 4.00 — 보통,
확보,확실하게 잡거나 가짐,2,1,2→1,4.68,확보,zipf 4.68 — 익숙,
확장,"범위, 규모, 세력 따위를 늘려서 넓힘",2,1,2→1,4.75,확장,zipf 4.75 — 익숙,
확정,확실하게 정함,2,1,2→1,4.67,확정,zipf 4.67 — 익숙,
환기,"주의나 여론, 생각 따위를 불러일으킴",1,2,1→2,3.63,환기,zipf 3.63 — 보통,
환담,정답게 주고받는 이야기,2,3,2→3,0.00,환담,빈도표에 없음 → 매우 드묾,
환산,어떤 단위나 척도로 된 것을 다른 단위나 척도로 고쳐서 헤아림,1,2,1→2,3.54,환산,zipf 3.54 — 보통,
환원,복잡한 사물이나 현상을 더 근본적이고 단순한 요소로 되돌려 설명함,3,2,3→2,3.69,환원,zipf 3.69 — 보통,
활성,물질이 에너지나 빛 따위에 의하여 활동이 활발하여지며 반응 속도가 빨라지,1,2,1→2,4.45,활성,zipf 4.45 — 보통,
황폐,"집, 토지, 삼림 따위가 거칠어져 못 쓰게 됨",1,2,1→2,3.57,황폐,zipf 3.57 — 보통,
회귀,한 바퀴 돌아 제자리로 돌아오거나 돌아감,1,2,1→2,3.63,회귀,zipf 3.63 — 보통,
회상,지난 일을 돌이켜 생각함. 또는 그런 생각,1,2,1→2,3.83,회상,zipf 3.83 — 보통,
회의감,어떤 일에 확신을 갖지 못하고 의심스럽게 여기는 느낌,2,3,2→3,0.00,회의감,빈도표에 없음 → 매우 드묾,
획득,얻어 내거나 얻어 가짐,1,2,1→2,4.49,획득,zipf 4.49 — 보통,
효용,보람 있게 쓰거나 쓰임. 또는 그런 보람이나 쓸모,1,2,1→2,3.49,효용,zipf 3.49 — 보통,
훼손,헐거나 깨뜨려 못 쓰게 만듦,1,2,1→2,4.04,훼손,zipf 4.04 — 보통,
휴식,하던 일을 멈추고 잠깐 쉼,1,2,1→2,4.25,휴식,zipf 4.25 — 보통,
흠모,기쁜 마음으로 공경하며 사모함,3,2,3→2,3.03,흠모,zipf 3.03 — 보통,
희롱,말이나 행동으로 실없이 놀림,1,2,1→2,3.11,희롱,zipf 3.11 — 보통,
가급적,"(주로 ‘가급적이면’, ‘가급적으로’ 꼴로 쓰여) 할 수 있는 것. 또는",2,2,,3.46,가급적,zipf 3.46 — 보통,
가끔,시간적·공간적 간격이 얼마쯤씩 있게.,1,1,,4.92,가끔,zipf 4.92 — 익숙,
가동률,설비나 기계가 실제로 작동하는 비율,2,2,,4.21,가동+률,보류 — 토큰 2개로 쪼개져 값이 조각 빈도(가동+률),
가량,어림잡아 그 정도.,2,2,,4.26,가량,zipf 4.26 — 보통,
가설,"전깃줄, 전화선, 다리 등의 시설을 설치함",2,2,,3.90,가설,zipf 3.90 — 보통,
가시적,눈으로 볼 수 있는. 또는 그런 것,2,2,,4.33,가시+적,보류 — 토큰 2개로 쪼개져 값이 조각 빈도(가시+적),
가시화,현상이 실제로 일어남 또는 눈에 보이게 됨,2,2,,4.32,가시+화,보류 — 토큰 2개로 쪼개져 값이 조각 빈도(가시+화),
가식,외면을 그럴듯하게 꾸민 거짓된 태도나 행동,2,2,,3.39,가식,zipf 3.39 — 보통,
가정,사실이 아니거나 또는 사실인지 아닌지 분명하지 않은 것을 임시로 인정함,1,1,,4.83,가정,zipf 4.83 — 익숙,
각인,머릿속이나 마음에 깊이 새겨져 지워지지 않음,2,2,,3.76,각인,zipf 3.76 — 보통,
간명하다,간단하고 분명하다,2,2,,0.00,간명+하+다,보류 — 토큰 3개로 쪼개져 값이 조각 빈도(간명+하+다),
갈망,간절히 바람,2,2,,3.66,갈망,zipf 3.66 — 보통,
감동,크게 느끼어 마음이 움직임,1,1,,4.63,감동,zipf 4.63 — 익숙,
감사,"고마움을 나타내는 인사, 고맙게 여김",1,1,,5.52,감사,zipf 5.52 — 익숙,
감안,여러 사정을 참고하여 생각함.,2,2,,3.87,감안,zipf 3.87 — 보통,
강세,시세나 주가 따위가 오를 기세,2,2,,3.55,강세,zipf 3.55 — 보통,
강제,권력이나 위력(威力)으로 남의 자유의사를 억눌러 원하지 않는 일을 억지로,1,1,,4.72,강제,zipf 4.72 — 익숙,
강조,어떤 부분을 특히 두드러지게 함,1,1,,4.58,강조,zipf 4.58 — 익숙,
개방적,태도나 생각 따위가 거리낌 없고 열려 있는. 또는 그런 것,2,2,,4.33,개방+적,보류 — 토큰 2개로 쪼개져 값이 조각 빈도(개방+적),
개별성,전체나 보편적인 것과 구별되는 개개인의 고유한 특성,1,1,,4.28,개별+성,보류 — 토큰 2개로 쪼개져 값이 조각 빈도(개별+성),
개연성,어떤 일이 실제로 일어날 수 있는 가능성이나 유력한 정도,2,2,,3.37,개연+성,보류 — 토큰 2개로 쪼개져 값이 조각 빈도(개연+성),
개혁,제도나 기구 따위를 새롭게 뜯어고침.,1,1,,4.75,개혁,zipf 4.75 — 익숙,
객관화,주관에서 벗어나 있는 그대로의 모습을 드러냄,3,3,,0.00,객관화,빈도표에 없음 → 매우 드묾,
객체화,주체적인 존재를 스스로 생각하고 움직이지 못하는 하나의 대상으로 취급함,3,3,,3.93,객체+화,보류 — 토큰 2개로 쪼개져 값이 조각 빈도(객체+화),
갱신,이미 있던 것을 새것으로 바꾸거나 유효 기간을 늘림.,2,2,,4.04,갱신,zipf 4.04 — 보통,
거시적,작은 부분에 얽매이지 않고 전체를 넓게 보는 것,3,3,,3.65,거시+적,보류 — 토큰 2개로 쪼개져 값이 조각 빈도(거시+적),
거점,활동의 근거가 되는 중심지,2,2,,4.03,거점,zipf 4.03 — 보통,
건립안,건물이나 시설 따위를 세우는 것에 관한 안건,2,2,,4.24,건립+안,보류 — 토큰 2개로 쪼개져 값이 조각 빈도(건립+안),
건전성,사물이나 상태가 탈이 없이 건강하고 올바른 성질,2,2,,4.16,건전+성,보류 — 토큰 2개로 쪼개져 값이 조각 빈도(건전+성),
걸출하다,남보다 훨씬 뛰어나다,2,2,,0.00,걸출+하+다,보류 — 토큰 3개로 쪼개져 값이 조각 빈도(걸출+하+다),
겨냥,어떤 대상을 목표로 삼음,2,2,,3.71,겨냥,zipf 3.71 — 보통,
격분,몹시 분하고 노여운 감정이 북받쳐 오름,2,2,,3.03,격분,zipf 3.03 — 보통,
격앙,기운이나 감정 따위가 격렬히 일어나 높아짐,3,3,,0.00,격앙,빈도표에 없음 → 매우 드묾,
견디다,어려운 상황에 굴복하지 않고 참고 배겨 내다,1,1,,4.08,견디+다,보류 — 토큰 2개로 쪼개져 값이 조각 빈도(견디+다),
결과,어떤 원인으로 결말이 생김,1,1,,5.42,결과,zipf 5.42 — 익숙,
결연하다,마음가짐이나 행동에 있어 태도가 움직일 수 없을 만큼 확고하다,3,3,,3.14,결연+하+다,보류 — 토큰 3개로 쪼개져 값이 조각 빈도(결연+하+다),
결집,흩어져 있던 힘이나 뜻을 한데 모음,2,2,,3.43,결집,zipf 3.43 — 보통,
결합,둘 이상의 사물이나 사람이 서로 관계를 맺어 하나가 됨,1,1,,4.58,결합,zipf 4.58 — 익숙,
겸양,남을 존중하고 자기를 낮추어 사양하는 성품,3,3,,0.00,겸양,빈도표에 없음 → 매우 드묾,
겸연쩍다,쑥스럽거나 미안하여 어색하다,2,2,,0.00,겸연쩍+다,보류 — 토큰 2개로 쪼개져 값이 조각 빈도(겸연쩍+다),
경계령,경계할 것을 명령하거나 알리는 일,2,2,,4.02,경계+령,보류 — 토큰 2개로 쪼개져 값이 조각 빈도(경계+령),
경멸,깔보아 업신여김,2,2,,3.68,경멸,zipf 3.68 — 보통,
경악,소스라치게 깜짝 놀람,2,2,,3.55,경악,zipf 3.55 — 보통,
경이,놀랍고 신기하게 여김. 또는 놀랍고 신기한 일,2,2,,3.82,경이,zipf 3.82 — 보통,
경합,서로 맞서 겨룸,2,2,,3.38,경합,zipf 3.38 — 보통,
경험,자신이 실제로 해 보거나 겪어 봄,1,1,,4.90,경험,zipf 4.90 — 익숙,
계기,어떤 일이 일어나거나 변화하도록 만드는 결정적인 원인이나 기회,1,1,,4.65,계기,zipf 4.65 — 익숙,
계통,일정한 원리에 의해 서로 연결되어 있는 짜임이나 조직,2,2,,3.79,계통,zipf 3.79 — 보통,
계획,앞으로 할 일의 절차나 방법을 미리 헤아려 정함,1,1,,5.43,계획,zipf 5.43 — 익숙,
고귀하다,훌륭하고 귀중하다,2,2,,3.61,고귀+하+다,보류 — 토큰 3개로 쪼개져 값이 조각 빈도(고귀+하+다),
고독,세상에 홀로 떨어져 있는 듯한 외롭고 쓸쓸한 마음의 상태,2,2,,3.83,고독,zipf 3.83 — 보통,
고등,"(주로 명사 앞에 쓰여) 등급이나 수준, 정도 따위가 높음. 또는 그런 ",1,1,,5.02,고등,zipf 5.02 — 익숙,
고려,생각하고 헤아려 봄,1,1,,5.00,고려,zipf 5.00 — 익숙,
고루하다,낡은 관념이나 습관에 젖어 고집이 세고 새로운 것을 잘 받아들이지 아니하,3,3,,3.36,고루+하+다,보류 — 토큰 3개로 쪼개져 값이 조각 빈도(고루+하+다),
고민,마음속으로 괴로워하고 애를 태움,1,1,,4.92,고민,zipf 4.92 — 익숙,
고정관념,마음속에 깊이 박혀 잘 변하지 않는 굳어버린 생각,2,2,,3.91,고정+관념,보류 — 토큰 2개로 쪼개져 값이 조각 빈도(고정+관념),
공감대,서로의 생각이나 감정에 깊이 공감하고 공유하는 영역,2,2,,3.25,공감대,zipf 3.25 — 보통,
공공,국가나 사회의 구성원에게 두루 관계되는 것,1,1,,4.60,공공,zipf 4.60 — 익숙,
공로,공을 들여 이룬 노고나 업적.,2,2,,3.82,공로,zipf 3.82 — 보통,
공리성,실제적으로 유용하거나 큰 이익을 가져다주는 성질,3,3,,0.00,공리성,빈도표에 없음 → 매우 드묾,
공모전,작품이나 아이디어를 공개적으로 모집하여 심사하는 대회,2,2,,3.77,공모전,zipf 3.77 — 보통,
공약,공적으로 내건 약속,2,2,,4.39,공약,zipf 4.39 — 보통,
공존,서로 다른 성질이나 존재들이 한 공간이나 시대에 함께 존재함,2,2,,3.82,공존,zipf 3.82 — 보통,
공허,아무것도 없이 텅 빔. 또는 실속이 없이 헛됨,2,2,,3.75,공허,zipf 3.75 — 보통,
과도기,새로운 상태로 옮아가는 도중의 시기,2,2,,3.16,과도기,zipf 3.16 — 보통,
관성,해 오던 방식을 바꾸지 않고 그대로 이어 나가려는 태도나 성질,2,2,,3.32,관성,zipf 3.32 — 보통,
관습적,관습에 따른. 또는 그런 것,2,2,,3.76,관습+적,보류 — 토큰 2개로 쪼개져 값이 조각 빈도(관습+적),
관심,어떤 것에 마음이 끌려 주의를 기울임,1,1,,5.19,관심,zipf 5.19 — 익숙,
관용,타인의 잘못이나 나와 다른 점을 너그럽게 받아들이고 용서함,2,2,,3.59,관용,zipf 3.59 — 보통,
관찰,사물이나 현상을 주의하여 자세히 살펴봄,1,1,,4.50,관찰,zipf 4.50 — 익숙,
광고,상품이나 서비스를 세상에 널리 알림,1,1,,5.08,광고,zipf 5.08 — 익숙,
구경,흥미나 관심을 가지고 봄,1,1,,4.58,구경,zipf 4.58 — 익숙,
구속,행동이나 의사의 자유를 제한하거나 속박함,1,1,,4.64,구속,zipf 4.64 — 익숙,
구체화,막연한 것이 실제적인 형태를 갖게 됨,3,3,,4.46,구체+화,보류 — 토큰 2개로 쪼개져 값이 조각 빈도(구체+화),
구축,어떤 시설물을 쌓아 올려 만듦,1,1,,4.63,구축,zipf 4.63 — 익숙,
권리,어떤 일을 행하거나 타인에 대하여 당연히 요구할 수 있는 힘이나 자격,1,1,,4.81,권리,zipf 4.81 — 익숙,
권태,어떤 일이나 상태에 시들해져서 생기는 게으름이나 싫증,3,3,,0.00,권태,빈도표에 없음 → 매우 드묾,
귀납,개별적인 특수한 사실이나 원리로부터 일반적이고 보편적인 명제 및 법칙을 ,3,3,,0.00,귀납,빈도표에 없음 → 매우 드묾,
귀납적,구체적인 사례들로부터 일반적인 원리를 이끌어냄,3,3,,0.00,귀납+적,보류 — 토큰 2개로 쪼개져 값이 조각 빈도(귀납+적),
규범,사회의 구성원으로서 마땅히 따르고 지켜야 할 원칙이나 규칙,2,2,,3.84,규범,zipf 3.84 — 보통,
규제,규칙을 세워 제한함,2,2,,4.31,규제,zipf 4.31 — 보통,
규칙,여러 사람이 다 같이 지키기로 정한 법칙,1,1,,4.81,규칙,zipf 4.81 — 익숙,
극단적,길이나 일의 진행이 끝까지 미쳐 더 나아갈 데가 없는. 또는 그런 것,2,2,,4.24,극단+적,보류 — 토큰 2개로 쪼개져 값이 조각 빈도(극단+적),
극대화,아주 커짐. 또는 아주 크게 함,2,2,,3.89,극대+화,보류 — 토큰 2개로 쪼개져 값이 조각 빈도(극대+화),
극복,앞길을 가로막는 시련이나 어려움을 단단한 의지로 이겨 냄,2,2,,4.34,극복,zipf 4.34 — 보통,
근대성,이성과 과학적 합리성을 특징으로 하는 근대 사회의 본질적 특성,3,3,,4.32,근대+성,보류 — 토큰 2개로 쪼개져 값이 조각 빈도(근대+성),
금욕주의,도덕적/종교적 완성을 위해 육체적 욕망을 엄격하게 제한하려는 태도,3,3,,0.00,금욕주의,빈도표에 없음 → 매우 드묾,
기대,어떤 일이 이루어지기를 바라고 기다림,1,1,,5.21,기대,zipf 5.21 — 익숙,
기르다,"습관 따위를 몸에 익게 하다, 보살펴 자라게 하다",1,1,,4.10,기르+다,보류 — 토큰 2개로 쪼개져 값이 조각 빈도(기르+다),
기부,남을 돕기 위하여 돈이나 물건을 대가 없이 내놓음,1,1,,4.52,기부,zipf 4.52 — 익숙,
기성세대,현재 사회를 이끌어 가는 나이가 든 세대,2,2,,3.83,기성+세대,보류 — 토큰 2개로 쪼개져 값이 조각 빈도(기성+세대),
기억,지난 일을 잊지 않고 마음속에 간직함,1,1,,5.33,기억,zipf 5.33 — 익숙,
기호,"어떠한 뜻을 나타내기 위해 사용하는 문자, 마크, 신호",2,2,,4.10,기호,zipf 4.10 — 보통,
기회,어떠한 일을 하기에 알맞은 시기나 경우,1,1,,5.16,기회,zipf 5.16 — 익숙,
기획,일을 꾀하여 계획함,1,1,,4.93,기획,zipf 4.93 — 익숙,
긴장,마음을 조이고 정신을 바짝 차림,1,1,,4.54,긴장,zipf 4.54 — 익숙,
꼼꼼하다,빈틈이 없이 차분하고 조심스럽다,1,1,,3.59,꼼꼼+하+다,보류 — 토큰 3개로 쪼개져 값이 조각 빈도(꼼꼼+하+다),
나누다,즐거움이나 물건 따위를 함께하다,1,1,,4.70,나누+다,보류 — 토큰 2개로 쪼개져 값이 조각 빈도(나누+다),
낙담,바라던 일이 뜻대로 되지 않아 마음이 몹시 상함,2,2,,3.16,낙담,zipf 3.16 — 보통,
난해하다,뜻을 이해하기 어렵다,2,2,,3.32,난해+하+다,보류 — 토큰 3개로 쪼개져 값이 조각 빈도(난해+하+다),
내면화,"사회적 가치, 도덕적 규범, 타인의 기대 등을 받아들여 자기 것으로 만듦",2,2,,4.15,내면+화,보류 — 토큰 2개로 쪼개져 값이 조각 빈도(내면+화),
냉담하다,태도나 마음씨가 동정심 없이 차갑다,2,2,,3.13,냉담+하+다,보류 — 토큰 3개로 쪼개져 값이 조각 빈도(냉담+하+다),
냉소,쌀쌀한 태도로 업신여기어 비웃음. 또는 그런 웃음,2,2,,3.32,냉소,zipf 3.32 — 보통,
너그럽다,마음이 넓고 아량이 있다,1,1,,3.01,너그럽+다,보류 — 토큰 2개로 쪼개져 값이 조각 빈도(너그럽+다),
노골적,숨김없이 모두를 있는 그대로 드러내는. 또는 그런 것,2,2,,3.67,노골+적,보류 — 토큰 2개로 쪼개져 값이 조각 빈도(노골+적),
노력,목적을 이루기 위하여 몸과 마음을 다하여 애를 씀,1,1,,5.14,노력,zipf 5.14 — 익숙,
논거,주장이나 이론의 밑바탕이 되는 근거,3,3,,0.00,논거,빈도표에 없음 → 매우 드묾,
농후하다,"맛, 빛깔, 성분 따위가 매우 짙다",2,2,,0.00,농후+하+다,보류 — 토큰 3개로 쪼개져 값이 조각 빈도(농후+하+다),
높다,아래에서 위까지의 길이가 길다,1,1,,5.32,높+다,보류 — 토큰 2개로 쪼개져 값이 조각 빈도(높+다),
뉘우치다,스스로 제 잘못을 깨닫고 마음속으로 가책을 느끼다,1,1,,0.00,뉘우치+다,보류 — 토큰 2개로 쪼개져 값이 조각 빈도(뉘우치+다),
다각적,여러 방향이나 관점에 걸친 것,3,3,,3.01,다각+적,보류 — 토큰 2개로 쪼개져 값이 조각 빈도(다각+적),
다변화,모양이나 방법이 많아지거나 다양해짐,3,3,,5.04,다+변화,보류 — 토큰 2개로 쪼개져 값이 조각 빈도(다+변화),
다원성,사물이나 현상이 여러 가지 다양한 근원이나 형태를 지니고 있는 성질,2,2,,3.50,다원+성,보류 — 토큰 2개로 쪼개져 값이 조각 빈도(다원+성),
다원적,사물을 형성하는 근원이 많은. 또는 그런 것,2,2,,3.50,다원+적,보류 — 토큰 2개로 쪼개져 값이 조각 빈도(다원+적),
다투다,의견이나 이해가 달라 서로 따지며 싸우다,1,1,,3.88,다투+다,보류 — 토큰 2개로 쪼개져 값이 조각 빈도(다투+다),
단독성,다른 어떤 것과도 대체될 수 없는 고유하고 절대적인 개별적 성질,3,3,,4.63,단독+성,보류 — 토큰 2개로 쪼개져 값이 조각 빈도(단독+성),
단위,"길이, 무게, 수효, 시간 따위의 수량을 수치로 나타낼 때 기초가 되는 ",1,1,,4.62,단위,zipf 4.62 — 익숙,
단절,관계나 유대가 완전히 끊어져 막힘,2,2,,3.86,단절,zipf 3.86 — 보통,
달성,목적한 것을 이룸,1,1,,4.79,달성,zipf 4.79 — 익숙,
담담하다,차분하고 평온하다,2,2,,3.38,담담+하+다,보류 — 토큰 3개로 쪼개져 값이 조각 빈도(담담+하+다),
답답하다,숨이 막힐 듯이 갑갑하다,1,1,,4.20,답답+하+다,보류 — 토큰 3개로 쪼개져 값이 조각 빈도(답답+하+다),
당국,어떤 일을 직접 맡아 처리하는 관청이나 부서,2,2,,4.29,당국,zipf 4.29 — 보통,
당위성,마땅히 그래야만 하는 성질,3,3,,3.16,당위+성,보류 — 토큰 2개로 쪼개져 값이 조각 빈도(당위+성),
당착,앞뒤가 맞지 않고 모순되어 서로 충돌함,3,3,,0.00,당착,빈도표에 없음 → 매우 드묾,
대안,대신할 만한 안,2,2,,4.17,대안,zipf 4.17 — 보통,
대자적,스스로를 객관적으로 반성하고 자각하는 주체적 존재의 상태,3,3,,3.12,대자+적,보류 — 토큰 2개로 쪼개져 값이 조각 빈도(대자+적),
대주주,주식을 많이 가지고 있는 주주,2,2,,3.34,대주주,zipf 3.34 — 보통,
대중,수많은 사람의 무리,1,1,,4.78,대중,zipf 4.78 — 익숙,
대체로,일반적으로 보아 거의 다,2,2,,4.15,대체로,zipf 4.15 — 보통,
대칭성,사물의 각 부분이 균형을 이루며 서로 마주 보고 조화를 이루는 성질,3,3,,3.49,대칭+성,보류 — 토큰 2개로 쪼개져 값이 조각 빈도(대칭+성),
대화,마주 대하여 이야기를 주고받음,1,1,,5.13,대화,zipf 5.13 — 익숙,
더욱,정도나 수준 따위가 한층 심하거나 높게.,1,1,,4.80,더욱,zipf 4.80 — 익숙,
도구화,인간이나 가치 있는 대상을 그 자체의 목적이 아닌 단지 수단이나 도구로 ,3,3,,4.51,도구+화,보류 — 토큰 2개로 쪼개져 값이 조각 빈도(도구+화),
도덕률,양심과 이성에 기초하여 마땅히 지켜야 할 숭고한 행위 규범,3,3,,4.22,도덕+률,보류 — 토큰 2개로 쪼개져 값이 조각 빈도(도덕+률),
도래,어떤 시기나 기회가 닥쳐옴,2,2,,3.67,도래,zipf 3.67 — 보통,
도식화,복잡한 구조를 알기 쉽게 그림이나 표로 나타냄,3,3,,0.00,도식화,빈도표에 없음 → 매우 드묾,
도입,"기술, 방법, 물자 따위를 끌어 들임",1,1,,4.85,도입,zipf 4.85 — 익숙,
도전,"정면으로 맞서 싸움을 걺, 어려운 일에 나섬",1,1,,4.61,도전,zipf 4.61 — 익숙,
도출,생각이나 결론을 이끌어 냄,2,2,,3.61,도출,zipf 3.61 — 보통,
도태,여럿 중에서 쓸모없거나 부적당한 것을 줄이거나 가려내어 없앰,2,2,,3.35,도태,zipf 3.35 — 보통,
도피,어떤 곳에서 몰래 빠져나와 숨음,2,2,,3.69,도피,zipf 3.69 — 보통,
독선적,자기 혼자만이 옳다고 믿고 행동하는 성향을 가진. 또는 그런 것,2,2,,0.00,독선+적,보류 — 토큰 2개로 쪼개져 값이 조각 빈도(독선+적),
독점적,물건이나 자리 따위를 독차지하는. 또는 그런 것,2,2,,4.16,독점+적,보류 — 토큰 2개로 쪼개져 값이 조각 빈도(독점+적),
돌출되다,예기치 못하게 갑자기 쑥 나오거나 불거지다,2,2,,3.73,돌출+되+다,보류 — 토큰 3개로 쪼개져 값이 조각 빈도(돌출+되+다),
돕다,남이 하는 일이 잘되도록 거들거나 힘을 보태다,1,1,,4.72,돕+다,보류 — 토큰 2개로 쪼개져 값이 조각 빈도(돕+다),
동경,어떤 것을 간절히 그리워하여 그것만을 생각함,2,2,,3.99,동경,zipf 3.99 — 보통,
동기,어떤 일이나 행동을 일으키게 하는 계기,1,1,,4.51,동기,zipf 4.51 — 익숙,
동요,생각이나 처지가 확고하지 못하고 흔들림,2,2,,3.79,동요,zipf 3.79 — 보통,
동질성,성질이나 본질이 서로 같아 통하는 상태,2,2,,3.28,동질+성,보류 — 토큰 2개로 쪼개져 값이 조각 빈도(동질+성),
동화,서로 다른 성질이나 집단이 시간이 흐르면서 점차 서로 닮아가거나 같아짐,2,2,,4.30,동화,zipf 4.30 — 보통,
두렵다,어떤 대상이 무서워 마음이 불안하다,1,1,,3.92,두렵+다,보류 — 토큰 2개로 쪼개져 값이 조각 빈도(두렵+다),
든든하다,믿음직스러워 마음이 굳세고 힘이 되다,1,1,,3.95,든든+하+다,보류 — 토큰 3개로 쪼개져 값이 조각 빈도(든든+하+다),
등재,장부나 명부에 이름을 올림,2,2,,3.74,등재,zipf 3.74 — 보통,
등판,야구에서 투수가 마운드에 올라가 경기에 나섬.,2,2,,3.85,등판,zipf 3.85 — 보통,
망각,한 번 기억하거나 경험했던 것을 시간이 지남에 따라 뇌 속에서 잃어버려 ,2,2,,3.52,망각,zipf 3.52 — 보통,
맞춤화,개인의 요구에 맞게 조정된 상태.,2,2,,3.92,맞춤+화,보류 — 토큰 2개로 쪼개져 값이 조각 빈도(맞춤+화),
매개,둘 사이에서 관계를 맺어 줌,2,2,,3.74,매개,zipf 3.74 — 보통,
매개자,서로 다른 존재들을 조화롭게 연결하고 관계 맺어 주는 존재,3,3,,0.00,매개자,빈도표에 없음 → 매우 드묾,
매료,사람의 마음을 완전히 사로잡아 홀리게 함,2,2,,3.43,매료,zipf 3.43 — 보통,
맥락,사건이나 문장의 앞뒤 연결 관계,2,2,,4.04,맥락,zipf 4.04 — 보통,
맹목적,주관이나 원칙이 없이 덮어놓고 행동하는. 또는 그런 것,2,2,,3.32,맹목+적,보류 — 토큰 2개로 쪼개져 값이 조각 빈도(맹목+적),
명료하다,뚜렷하고 분명하다,2,2,,3.45,명료+하+다,보류 — 토큰 3개로 쪼개져 값이 조각 빈도(명료+하+다),
명징성,흐리거나 어둡지 않고 지극히 깨끗하고 명백한 성질,3,3,,0.00,명징+성,보류 — 토큰 2개로 쪼개져 값이 조각 빈도(명징+성),
모멸감,남에게 업신여김과 깔봄을 당하여 느끼는 부끄럽고 치욕스러운 감정,3,3,,0.00,모멸감,빈도표에 없음 → 매우 드묾,
모방,"다른 존재나 사물의 행동, 형태 등을 본떠 따름",2,2,,3.81,모방,zipf 3.81 — 보통,
모색,일이나 사건을 해결하기 위해 여러 가지 방법을 찾는 일.,2,2,,3.70,모색,zipf 3.70 — 보통,
모호하다,말이나 태도가 흐리터분하여 분명하지 않다,2,2,,3.72,모호+하+다,보류 — 토큰 3개로 쪼개져 값이 조각 빈도(모호+하+다),
목표,이루려고 하는 대상이나 수준,1,1,,4.88,목표,zipf 4.88 — 익숙,
무관중,경기를 관람하는 관중이 없음,2,2,,3.88,무+관중,보류 — 토큰 2개로 쪼개져 값이 조각 빈도(무+관중),
무상성,세상의 모든 존재나 상황이 영원하지 않고 끊임없이 변화하여 덧없음,3,3,,3.98,무상+성,보류 — 토큰 2개로 쪼개져 값이 조각 빈도(무상+성),
무실점,야구에서 상대 팀에게 점수를 주지 아니함,2,2,,3.20,무실점,zipf 3.20 — 보통,
무안하다,수줍거나 창피하여 볼 낯이 없다,2,2,,3.63,무안+하+다,보류 — 토큰 3개로 쪼개져 값이 조각 빈도(무안+하+다),
무의식,스스로 자각하지 못하는 마음의 깊은 심연 영역,1,1,,4.75,무+의식,보류 — 토큰 2개로 쪼개져 값이 조각 빈도(무+의식),
묵시적,말이나 글로 명확히 드러내지 않고 은연중에 인정하여 통함,3,3,,3.07,묵시+적,보류 — 토큰 2개로 쪼개져 값이 조각 빈도(묵시+적),
물신화,인간이 만든 사물이나 화폐에 신비하고 초자연적인 힘을 부여하여 숭배함,3,3,,4.61,물+신화,보류 — 토큰 2개로 쪼개져 값이 조각 빈도(물+신화),
뭉클하다,슬픔이나 감동 따위가 갑자기 가슴에 꽉 차 넘치는 듯하다,2,2,,3.25,뭉클+하+다,보류 — 토큰 3개로 쪼개져 값이 조각 빈도(뭉클+하+다),
미루다,정한 때를 뒤로 넘기다,1,1,,4.13,미루+다,보류 — 토큰 2개로 쪼개져 값이 조각 빈도(미루+다),
미시적,어떤 사물이나 현상을 개별이나 부분으로 작게 나누어 생각하는 것,3,3,,3.98,미시+적,보류 — 토큰 2개로 쪼개져 값이 조각 빈도(미시+적),
미진하다,아직 다하지 못하다,2,2,,3.16,미진+하+다,보류 — 토큰 3개로 쪼개져 값이 조각 빈도(미진+하+다),
미흡하다,아직 흡족하지 못하거나 만족스럽지 아니하다,2,2,,3.36,미흡+하+다,보류 — 토큰 3개로 쪼개져 값이 조각 빈도(미흡+하+다),
민감성,자극이나 변화를 아주 작고 세밀한 부분까지 기민하게 느끼는 성질,2,2,,4.05,민감+성,보류 — 토큰 2개로 쪼개져 값이 조각 빈도(민감+성),
민망하다,낯을 들고 대하기가 부끄럽다,1,1,,3.68,민망+하+다,보류 — 토큰 3개로 쪼개져 값이 조각 빈도(민망+하+다),
민생,국민의 생활,2,2,,3.65,민생,zipf 3.65 — 보통,
민심,일반 백성이나 국민의 마음,2,2,,3.85,민심,zipf 3.85 — 보통,
민중,국가나 사회를 구성하는 일반 국민,2,2,,4.17,민중,zipf 4.17 — 보통,
박탈감,마땅히 누려야 할 것을 빼앗긴 듯한 느낌,2,2,,3.02,박탈감,zipf 3.02 — 보통,
반면,뒤에 오는 말이 앞의 내용과 상반됨을 나타내는 말,1,1,,4.63,반면,zipf 4.63 — 익숙,
반성적,자신의 언행에 대하여 잘못이나 부족함이 없는지 돌이켜 보는. 또는 그런 ,2,2,,4.18,반성+적,보류 — 토큰 2개로 쪼개져 값이 조각 빈도(반성+적),
반추,어떤 일을 여러 번 계속하여 생각함,3,3,,0.00,반추,빈도표에 없음 → 매우 드묾,
발견,미처 찾아내지 못한 사물이나 사실을 찾아냄,1,1,,5.35,발견,zipf 5.35 — 익숙,
발언,말을 꺼내어 의견을 나타냄. 또는 그 말.,1,1,,4.71,발언,zipf 4.71 — 익숙,
발전,더 낫고 좋은 상태로 나아감,1,1,,5.06,발전,zipf 5.06 — 익숙,
발표,어떤 사실이나 생각을 여러 사람에게 드러내어 알림,1,1,,5.33,발표,zipf 5.33 — 익숙,
발화,불이 일어나거나 불이 붙음.,2,2,,3.49,발화,zipf 3.49 — 보통,
방문,어떤 사람이나 장소를 찾아가서 봄,1,1,,4.86,방문,zipf 4.86 — 익숙,
방법,어떤 일을 해 나가거나 목적을 이루기 위하여 취하는 수단이나 방식,1,1,,5.49,방법,zipf 5.49 — 익숙,
방안,일을 처리하거나 해결하여 나갈 방법이나 계획,2,2,,4.22,방안,zipf 4.22 — 보통,
방어기제,용납하기 어려운 고통이나 불안으로부터 스스로를 보호하려는 무의식적 기제,3,3,,0.00,방어기제,빈도표에 없음 → 매우 드묾,
방증,어떤 사실에 대한 간접적이고 주변적인 증거,3,3,,0.00,방증,빈도표에 없음 → 매우 드묾,
배타성,자신들의 경계 밖에 있는 타인이나 가치를 부인하고 밀어내려는 차가운 성질,3,3,,0.00,배타성,빈도표에 없음 → 매우 드묾,
배타적,남을 배척하는. 또는 그런 것,2,2,,3.34,배타+적,보류 — 토큰 2개로 쪼개져 값이 조각 빈도(배타+적),
배타주의,자기 집단이나 신념 밖에 있는 것들을 밀어내고 거부하려는 옹졸한 태도,3,3,,0.00,배타주의,빈도표에 없음 → 매우 드묾,
벅차다,"감격, 기쁨, 희망 따위가 넘칠 듯이 가득하다",2,2,,3.40,벅차+다,보류 — 토큰 2개로 쪼개져 값이 조각 빈도(벅차+다),
번민,마음이 번거롭고 답답하여 괴로워함,3,3,,0.00,번민,빈도표에 없음 → 매우 드묾,
범주,동일한 성질을 가진 부류나 범위,2,2,,3.89,범주,zipf 3.89 — 보통,
법리,법의 원리나 이치,2,2,,3.24,법리,zipf 3.24 — 보통,
변동성,바뀌어 달라지는 성질,3,3,,0.00,변동성,빈도표에 없음 → 매우 드묾,
변인,성질이나 모습이 달라지는 원인이나 조건,2,2,,3.34,변인,zipf 3.34 — 보통,
변주,하나의 기본 주제를 바탕으로 리듬이나 가락 등을 다채롭게 변화시킴,2,2,,3.16,변주,zipf 3.16 — 보통,
변화,"사물의 성질, 모양, 상태 따위가 바뀌어 달라짐",1,1,,5.04,변화,zipf 5.04 — 익숙,
보복,남이 한 행동에 대하여 그와 똑같이 해를 입히는 일,2,2,,4.00,보복,zipf 4.00 — 보통,
보수,고맙게 해 준 데 대하여 보답을 함. 또는 그 보답,1,1,,4.64,보수,zipf 4.64 — 익숙,
보편성,시대나 장소를 초월하여 모든 것에 두루 미치거나 통하는 성질,1,1,,4.13,보편+성,보류 — 토큰 2개로 쪼개져 값이 조각 빈도(보편+성),
보편적,두루 널리 미치는. 또는 그런 것,2,2,,4.14,보편+적,보류 — 토큰 2개로 쪼개져 값이 조각 빈도(보편+적),
복잡성,"일, 감정 등이 정리하기가 어려울 만큼 여러 가지가 얽혀 있는 성질",2,2,,4.73,복잡+성,보류 — 토큰 2개로 쪼개져 값이 조각 빈도(복잡+성),
본선,예선을 거친 뒤에 치르는 중요한 경기나 시합,2,2,,3.94,본선,zipf 3.94 — 보통,
부가,주된 것에 덧붙임,2,2,,4.02,부가,zipf 4.02 — 보통,
부럽다,남의 좋은 일이나 물건을 보고 자기도 그렇게 되고 싶다,1,1,,3.80,부럽+다,보류 — 토큰 2개로 쪼개져 값이 조각 빈도(부럽+다),
부여,"사람에게 권리·명예·임무 따위를 지니도록 해 주거나, 사물이나 일에 가치",1,1,,4.72,부여,zipf 4.72 — 익숙,
부재,그 자리에 마땅히 있어야 할 소중한 존재나 가치가 빠져서 비어 있음,2,2,,3.94,부재,zipf 3.94 — 보통,
부조화,서로 조화를 이루지 못하고 어색하게 어긋남,2,2,,3.39,부조+화,보류 — 토큰 2개로 쪼개져 값이 조각 빈도(부조+화),
부지런하다,어떤 일을 꾸물거리거나 미루지 않고 꾸준하게 열심히 하다,1,1,,3.36,부지런+하+다,보류 — 토큰 3개로 쪼개져 값이 조각 빈도(부지런+하+다),
부침,세력이 성하고 쇠함 또는 사물이 오르고 내림을 거듭함,3,3,,0.00,부침,빈도표에 없음 → 매우 드묾,
분개,몹시 분하게 여김. 또는 그런 마음,2,2,,3.27,분개,zipf 3.27 — 보통,
분란,말썽이나 소란이 일어남,2,2,,3.09,분란,zipf 3.09 — 보통,
분석,얽혀 있거나 복잡한 것을 풀어서 개별적인 요소나 성질로 나눔,1,1,,5.04,분석,zipf 5.04 — 익숙,
분열,조화롭던 전체가 낱낱의 조각으로 찢어지고 흩어짐,2,2,,4.09,분열,zipf 4.09 — 보통,
분임조,어떤 목적을 달성하기 위하여 전체를 나누어 편성한 작은 모임,2,2,,0.00,분임+조,보류 — 토큰 2개로 쪼개져 값이 조각 빈도(분임+조),
불가피하다,피할 수 없다,2,2,,3.73,불가피+하+다,보류 — 토큰 3개로 쪼개져 값이 조각 빈도(불가피+하+다),
불명료하다,분명하지 않거나 똑똑하지 않다,2,2,,3.45,불+명료+하+다,보류 — 토큰 4개로 쪼개져 값이 조각 빈도(불+명료+하+다),
불복,"남의 명령이나 결정, 의견 따위를 따르지 아니함.",2,2,,3.41,불복,zipf 3.41 — 보통,
비가역성,한 번 변화한 상태가 다시 원래의 상태로 되돌아갈 수 없는 성질,3,3,,0.00,비가역성,빈도표에 없음 → 매우 드묾,
비감하다,슬픈 느낌이 있다,2,2,,0.00,비감+하+다,보류 — 토큰 3개로 쪼개져 값이 조각 빈도(비감+하+다),
비로소,어느 한 시점을 기준으로 그 전까지 이루어지지 아니하였던 사건이나 사태가,2,2,,3.87,비로소,zipf 3.87 — 보통,
비밀,남에게 알리지 않고 숨기는 일,1,1,,4.94,비밀,zipf 4.94 — 익숙,
비애,슬프고 가슴 아픈 감정,2,2,,3.06,비애,zipf 3.06 — 보통,
비자발적,자기 스스로의 뜻이 아니라 외부의 압력이나 상황에 밀려 억지로 하는 것,3,3,,4.06,비+자발+적,보류 — 토큰 3개로 쪼개져 값이 조각 빈도(비+자발+적),
비장하다,슬프면서도 그 감정을 억눌러 씩씩하고 장하다,3,3,,3.81,비장+하+다,보류 — 토큰 3개로 쪼개져 값이 조각 빈도(비장+하+다),
비참하다,더할 수 없이 슬프고 끔찍하다,1,1,,3.95,비참+하+다,보류 — 토큰 3개로 쪼개져 값이 조각 빈도(비참+하+다),
비탄,몹시 슬퍼하면서 탄식함. 또는 그 탄식,2,2,,3.19,비탄,zipf 3.19 — 보통,
비판여론,어떤 현상이나 인물에 대하여 잘못된 점을 지적하는 사회적 의견,2,2,,4.27,비판+여론,보류 — 토큰 2개로 쪼개져 값이 조각 빈도(비판+여론),
비판적,사물의 옳고 그름을 판단하여 밝히거나 잘못된 점을 지적하는. 또는 그런 ,2,2,,4.84,비판+적,보류 — 토큰 2개로 쪼개져 값이 조각 빈도(비판+적),
빈번하다,번거로울 정도로 도수(度數)가 잦다,2,2,,3.62,빈번+하+다,보류 — 토큰 3개로 쪼개져 값이 조각 빈도(빈번+하+다),
뿌듯하다,기쁨이나 감격이 마음에 가득 차서 벅차다,1,1,,3.82,뿌듯+하+다,보류 — 토큰 3개로 쪼개져 값이 조각 빈도(뿌듯+하+다),
사고,생각하고 궁리함,1,1,,5.19,사고,zipf 5.19 — 익숙,
사과,자기의 잘못을 인정하고 용서를 빎,1,1,,4.91,사과,zipf 4.91 — 익숙,
사령탑,군대에서 작전을 지휘하는 우두머리나 스포츠 팀의 감독을 비유적으로 이르는,2,2,,3.16,사령탑,zipf 3.16 — 보통,
사무치다,"원한, 그리움 따위가 마음속 깊이 스며들어 맺히다",3,3,,0.00,사무치+다,보류 — 토큰 2개로 쪼개져 값이 조각 빈도(사무치+다),
사태,일이 되어 가는 형편이나 상황. 또는 벌어진 일의 상태.,1,1,,4.52,사태,zipf 4.52 — 익숙,
산출,"물건을 생산하거나 인물, 사상, 결과 등을 냄",2,2,,3.71,산출,zipf 3.71 — 보통,
살피다,두루두루 주의하여 자세히 보다,1,1,,3.80,살피+다,보류 — 토큰 2개로 쪼개져 값이 조각 빈도(살피+다),
상관관계,한쪽이 변하면 다른 한쪽도 따라서 변하는 관계,2,2,,4.61,상관+관계,보류 — 토큰 2개로 쪼개져 값이 조각 빈도(상관+관계),
상담,문제를 해결하기 위하여 서로 의논함,1,1,,4.77,상담,zipf 4.77 — 익숙,
상사성,서로 다른 존재들이 형태나 성질 면에서 미묘하게 서로 닮아 통하는 성질,3,3,,4.29,상사+성,보류 — 토큰 2개로 쪼개져 값이 조각 빈도(상사+성),
상상,실제로 없는 것을 마음속으로 그려 봄,1,1,,4.88,상상,zipf 4.88 — 익숙,
상실감,무엇인가를 잃어버린 후에 느끼는 허전한 감정이나 상태,2,2,,3.10,상실감,zipf 3.10 — 보통,
상용화,어떤 기술이나 제품을 일상적으로 널리 쓰이게 함,2,2,,3.82,상용+화,보류 — 토큰 2개로 쪼개져 값이 조각 빈도(상용+화),
상충,서로 맞지 아니하고 어긋남,2,2,,3.14,상충,zipf 3.14 — 보통,
상품화,어떤 대상을 상품으로 만들어 냄,2,2,,4.73,상품+화,보류 — 토큰 2개로 쪼개져 값이 조각 빈도(상품+화),
상호,[Ⅰ] [명사] 상대가 되는 이쪽과 저쪽 모두,1,1,,4.71,상호,zipf 4.71 — 익숙,
상호성,"나와 너, 혹은 대상들이 고립되지 않고 서로 긴밀히 영향을 주고받는 성질",2,2,,4.69,상호+성,보류 — 토큰 2개로 쪼개져 값이 조각 빈도(상호+성),
상호주관성,개별적인 주관들이 소통을 통해 서로 공유하고 공감하는 공통의 주관적 영역,3,3,,4.24,상호+주관+성,보류 — 토큰 3개로 쪼개져 값이 조각 빈도(상호+주관+성),
상환,빌린 돈을 갚음,2,2,,3.61,상환,zipf 3.61 — 보통,
생동성,살아 움직이는 듯한 신선하고 활기찬 기운,2,2,,3.01,생동+성,보류 — 토큰 2개로 쪼개져 값이 조각 빈도(생동+성),
생산,인간 생활에 필요한 물건을 만들어 냄,1,1,,5.07,생산,zipf 5.07 — 익숙,
생성,사물이 생겨남. 또는 사물이 생겨 이루어지게 함,1,1,,4.76,생성,zipf 4.76 — 익숙,
생소하다,【…이】 어떤 대상이 친숙하지 못하고 낯이 설다,2,2,,3.25,생소+하+다,보류 — 토큰 3개로 쪼개져 값이 조각 빈도(생소+하+다),
생태계,어떤 분야에서 서로 밀접한 관계를 맺고 있는 구성 요소들의 집합,2,2,,3.10,생태계,zipf 3.10 — 보통,
서운하다,마음에 차지 않아 섭섭하다,1,1,,3.51,서운+하+다,보류 — 토큰 3개로 쪼개져 값이 조각 빈도(서운+하+다),
선거,일정한 조직이나 집단의 대표자를 투표로 뽑는 일,1,1,,5.07,선거,zipf 5.07 — 익숙,
선도,앞장서서 이끌어 나감,2,2,,3.64,선도,zipf 3.64 — 보통,
선망,부러워하여 바람,2,2,,3.23,선망,zipf 3.23 — 보통,
선임,어떤 직책이나 임무를 맡을 사람을 뽑음,2,2,,4.36,선임,zipf 4.36 — 보통,
선택,여럿 가운데서 필요한 것을 골라 뽑음,1,1,,5.26,선택,zipf 5.26 — 익숙,
선행,어떤 것보다 앞서가거나 앞에 있음,2,2,,3.98,선행,zipf 3.98 — 보통,
선험적,경험에 앞서서 인식의 주관적 형식이 인간에게 있다고 주장하는. 또는 그런,3,3,,0.00,선험+적,보류 — 토큰 2개로 쪼개져 값이 조각 빈도(선험+적),
설레다,마음이 가라앉지 아니하고 들떠서 두근거리다,1,1,,3.88,설레+다,보류 — 토큰 2개로 쪼개져 값이 조각 빈도(설레+다),
섬뜩하다,갑자기 소름이 끼치도록 무섭고 끔찍하다,2,2,,3.38,섬뜩+하+다,보류 — 토큰 3개로 쪼개져 값이 조각 빈도(섬뜩+하+다),
성실하다,정성스럽고 참되다,1,1,,4.08,성실+하+다,보류 — 토큰 3개로 쪼개져 값이 조각 빈도(성실+하+다),
성찰,자기의 마음이나 행동을 깊이 되돌아봄,2,2,,3.48,성찰,zipf 3.48 — 보통,
소견,어떤 일에 대한 자기의 생각이나 견해,2,2,,3.60,소견,zipf 3.60 — 보통,
소비,"돈이나 물자, 시간 따위를 들이거나 써서 없앰",1,1,,4.56,소비,zipf 4.56 — 익숙,
소재,어떤 것을 만드는 데 바탕이 되는 재료,1,1,,4.94,소재,zipf 4.94 — 익숙,
소통,막히지 아니하고 잘 통함,1,1,,4.59,소통,zipf 4.59 — 익숙,
속박,"몸이나 마음, 혹은 자유를 마음대로 행동할 수 없도록 강하게 얽매어 둠",2,2,,3.47,속박,zipf 3.47 — 보통,
손상,"병이 들거나 다침, 또는 품질·가치·명예 따위가 떨어짐",1,1,,4.58,손상,zipf 4.58 — 익숙,
솔직하다,거짓이나 숨김이 없이 바르고 곧다,1,1,,4.35,솔직+하+다,보류 — 토큰 3개로 쪼개져 값이 조각 빈도(솔직+하+다),
수단,어떤 목적을 이루기 위한 방법. 또는 그 도구,1,1,,4.59,수단,zipf 4.59 — 익숙,
수정,바로잡아 고침,1,1,,4.91,수정,zipf 4.91 — 익숙,
수치심,스스로 떳떳하지 못하여 느끼는 부끄러운 마음,2,2,,3.38,수치심,zipf 3.38 — 보통,
수행,생각하거나 계획한 대로 일을 해냄,1,1,,4.92,수행,zipf 4.92 — 익숙,
숙연하다,고요하고 엄숙하다,3,3,,0.00,숙연+하+다,보류 — 토큰 3개로 쪼개져 값이 조각 빈도(숙연+하+다),
순서,정하여진 기준에서 말하는 전후의 차례,1,1,,4.56,순서,zipf 4.56 — 익숙,
순식간,눈 깜짝할 사이,2,2,,4.02,순식간,zipf 4.02 — 보통,
숭배,대상의 높은 가치나 신성함을 우러러 마지않으며 지극히 공경함,2,2,,3.86,숭배,zipf 3.86 — 보통,
승소,소송에서 이김,2,2,,3.67,승소,zipf 3.67 — 보통,
시급성,시각을 다툴 만큼 절박하고 급한 상태의 성질,2,2,,3.97,시급+성,보류 — 토큰 2개로 쪼개져 값이 조각 빈도(시급+성),
시도,어떤 것을 이루어 보려고 계획하거나 행동함,1,1,,4.98,시도,zipf 4.98 — 익숙,
시름,마음에 걸려 풀리지 않고 항상 남아 있는 근심과 걱정,2,2,,3.06,시름,zipf 3.06 — 보통,
시의성,상황이나 시기에 딱 알맞은 유용한 성질,3,3,,3.29,시의+성,보류 — 토큰 2개로 쪼개져 값이 조각 빈도(시의+성),
식견,사물의 겉모습만이 아니라 본질을 정밀하게 분별하여 판단할 수 있는 깊은 ,3,3,,0.00,식견,빈도표에 없음 → 매우 드묾,
신선하다,새롭고 산뜻하다,2,2,,4.20,신선+하+다,보류 — 토큰 3개로 쪼개져 값이 조각 빈도(신선+하+다),
신중하다,매우 조심스럽다,1,1,,4.16,신중+하+다,보류 — 토큰 3개로 쪼개져 값이 조각 빈도(신중+하+다),
신축적,늘고 주는 성질이 있는. 또는 그런 것,2,2,,4.08,신축+적,보류 — 토큰 2개로 쪼개져 값이 조각 빈도(신축+적),
실력,실제로 갖추고 있는 힘이나 능력,1,1,,4.61,실력,zipf 4.61 — 익숙,
실수,조심하지 아니하여 잘못함,1,1,,4.78,실수,zipf 4.78 — 익숙,
실의,뜻이나 의욕을 잃음,3,3,,0.00,실의,빈도표에 없음 → 매우 드묾,
실정,실제적인 사정이나 형편.,2,2,,3.62,실정,zipf 3.62 — 보통,
실패,일을 잘못하여 뜻한 대로 되지 아니함,1,1,,4.93,실패,zipf 4.93 — 익숙,
심란하다,마음이 어수선하다,2,2,,3.32,심란+하+다,보류 — 토큰 3개로 쪼개져 값이 조각 빈도(심란+하+다),
심취,어떤 일이나 사람에 깊이 빠져 마음을 빼앗김,2,2,,3.26,심취,zipf 3.26 — 보통,
아끼다,물건이나 돈을 함부로 쓰지 아니하다,1,1,,4.34,아끼+다,보류 — 토큰 2개로 쪼개져 값이 조각 빈도(아끼+다),
아쉽다,미련이 남아 서운하다,1,1,,4.33,아쉽+다,보류 — 토큰 2개로 쪼개져 값이 조각 빈도(아쉽+다),
악의적,나쁜 마음을 품고 하는,2,2,,3.82,악의+적,보류 — 토큰 2개로 쪼개져 값이 조각 빈도(악의+적),
안보,국가의 안전을 보장함,2,2,,4.21,안보,zipf 4.21 — 보통,
안쓰럽다,손아랫사람이나 약자의 딱한 형편이 마음이 아프고 가엾다,1,1,,0.00,안쓰럽+다,보류 — 토큰 2개로 쪼개져 값이 조각 빈도(안쓰럽+다),
안일,편안함만을 추구하여 당면한 문제에 긴장 없이 흐리멍덩하게 대처함,2,2,,3.30,안일,zipf 3.30 — 보통,
안전,위험이 생기거나 사고가 날 염려가 없는 상태,1,1,,5.52,안전,zipf 5.52 — 익숙,
안정적,바뀌거나 흔들리지 않고 일정한 상태를 유지함,2,2,,4.94,안정+적,보류 — 토큰 2개로 쪼개져 값이 조각 빈도(안정+적),
암시,뜻을 직접 드러내지 않고 넌지시 알려 줌,2,2,,3.92,암시,zipf 3.92 — 보통,
애도,소중한 사람과의 사별이나 큰 상실 앞에 가슴 깊이 통곡하며 슬퍼하고 보내,3,3,,5.72,애+도,보류 — 토큰 2개로 쪼개져 값이 조각 빈도(애+도),
애석하다,슬프고 아깝다,2,2,,3.13,애석+하+다,보류 — 토큰 3개로 쪼개져 값이 조각 빈도(애석+하+다),
애수,마음을 서글프게 하는 슬픈 시름,3,3,,0.00,애수,빈도표에 없음 → 매우 드묾,
애처롭다,가엾고 불쌍하여 마음이 슬프다,2,2,,0.00,애처+롭+다,보류 — 토큰 3개로 쪼개져 값이 조각 빈도(애처+롭+다),
애틋하다,섭섭하고 안타까워 애가 타는 듯하다,2,2,,3.47,애틋+하+다,보류 — 토큰 3개로 쪼개져 값이 조각 빈도(애틋+하+다),
약속,다른 사람과 앞으로의 일을 미리 정하여 둠,1,1,,4.97,약속,zipf 4.97 — 익숙,
양가성,동일한 대상에 대해 서로 반대되는 두 가지 감정이나 태도가 동시에 공존하,3,3,,0.00,양가+성,보류 — 토큰 2개로 쪼개져 값이 조각 빈도(양가+성),
양상,사물이나 현상이 띠고 있는 모양이나 상태,2,2,,3.92,양상,zipf 3.92 — 보통,
양성,가르쳐서 길러냄,2,2,,4.44,양성,zipf 4.44 — 보통,
양심고백,자신의 양심에 비추어 숨겨왔던 사실을 솔직하게 털어놓음,2,2,,4.02,양심+고백,보류 — 토큰 2개로 쪼개져 값이 조각 빈도(양심+고백),
어긋나다,서로 맞지 않고 빗나가다,1,1,,3.79,어긋나+다,보류 — 토큰 2개로 쪼개져 값이 조각 빈도(어긋나+다),
억압,힘이나 권력으로 상대방을 억누르고 자유를 빼앗음,2,2,,4.00,억압,zipf 4.00 — 보통,
억울하다,아무 잘못 없이 꾸중을 듣거나 벌을 받아 분하고 답답하다,1,1,,4.05,억울+하+다,보류 — 토큰 3개로 쪼개져 값이 조각 빈도(억울+하+다),
언급,어떤 문제에 대하여 말함.,1,1,,4.92,언급,zipf 4.92 — 익숙,
엄연히,사람의 겉모양이나 언행이 의젓하고 점잖게,2,2,,3.38,엄연히,zipf 3.38 — 보통,
여운,어떤 일이 끝난 뒤에도 가시지 않고 남아 있는 느낌이나 정취,2,2,,3.73,여운,zipf 3.73 — 보통,
연대,여럿이 함께 무슨 일을 하거나 함께 책임을 짐,1,1,,4.55,연대,zipf 4.55 — 익숙,
연민,가엽게 여겨 슬퍼함,2,2,,3.55,연민,zipf 3.55 — 보통,
연역,어떤 명제로부터 추론 규칙에 따라 결론을 이끌어 냄. 또는 그런 과정. ,3,3,,0.00,연역,빈도표에 없음 → 매우 드묾,
연역적,일반적 원리로부터 개별적인 사실을 이끌어 내는 것,3,3,,0.00,연역+적,보류 — 토큰 2개로 쪼개져 값이 조각 빈도(연역+적),
연출,"각본을 바탕으로 배우의 연기, 무대 장치, 의상, 조명 등을 종합적으로 ",1,1,,4.66,연출,zipf 4.66 — 익숙,
열등감,자기를 남보다 못하거나 무가치한 사람으로 낮추어 평가하는 감정,2,2,,3.30,열등감,zipf 3.30 — 보통,
열망,열렬하게 바람,2,2,,3.61,열망,zipf 3.61 — 보통,
영업이익,기업이 영업 활동을 통해 얻은 이익,2,2,,4.40,영업+이익,보류 — 토큰 2개로 쪼개져 값이 조각 빈도(영업+이익),
예견,앞으로 일어날 일을 미리 짐작함,2,2,,3.49,예견,zipf 3.49 — 보통,
예선,본선에 나갈 사람이나 팀을 뽑기 위하여 미리 치르는 경기,2,2,,4.05,예선,zipf 4.05 — 보통,
예속,남의 지배 아래 들어가 그의 처분이나 지배에 매여 따름,3,3,,0.00,예속,빈도표에 없음 → 매우 드묾,
예약,자리나 방 따위를 미리 약속하여 정함,1,1,,4.89,예약,zipf 4.89 — 익숙,
오해,그릇되게 해석하거나 뜻을 잘못 앎,1,1,,4.51,오해,zipf 4.51 — 익숙,
완곡하다,"말하는 투가, 듣는 사람의 감정이 상하지 않도록 모나지 않고 부드럽다",2,2,,0.00,완곡+하+다,보류 — 토큰 3개로 쪼개져 값이 조각 빈도(완곡+하+다),
완성,완전히 다 이룸,1,1,,4.85,완성,zipf 4.85 — 익숙,
외재적,사물이나 현상의 내부가 아닌 바깥에 존재하는 것,3,3,,0.00,외재+적,보류 — 토큰 2개로 쪼개져 값이 조각 빈도(외재+적),
요리,여러 재료로 음식을 만듦,1,1,,4.92,요리,zipf 4.92 — 익숙,
용기,씩씩하고 굳센 기운,1,1,,4.58,용기,zipf 4.58 — 익숙,
우상화,특별하지 않은 대상을 신비하고 절대적인 존재로 격상시켜 숭배함,2,2,,3.94,우상+화,보류 — 토큰 2개로 쪼개져 값이 조각 빈도(우상+화),
우연성,필연적인 인과 관계 없이 예기치 않게 일어나는 성질,3,3,,0.00,우연성,빈도표에 없음 → 매우 드묾,
우울하다,근심스럽거나 답답하여 활기가 없다,1,1,,4.31,우울+하+다,보류 — 토큰 3개로 쪼개져 값이 조각 빈도(우울+하+다),
울적하다,마음이 답답하고 쓸쓸하다,2,2,,3.04,울적+하+다,보류 — 토큰 3개로 쪼개져 값이 조각 빈도(울적+하+다),
원로,어떤 분야에서 오랫동안 활동하여 공로가 많고 덕망이 높은 사람,2,2,,3.87,원로,zipf 3.87 — 보통,
원론적,어떤 것의 본질이나 바탕이 되는 것,2,2,,3.16,원론+적,보류 — 토큰 2개로 쪼개져 값이 조각 빈도(원론+적),
원망,못마땅하게 여기어 탓하거나 불평을 품고 미워함,2,2,,3.89,원망,zipf 3.89 — 보통,
원시,시작하는 처음,2,2,,3.79,원시,zipf 3.79 — 보통,
원인,어떤 사물이나 상태를 변화시키는 근본이 된 일,1,1,,4.83,원인,zipf 4.83 — 익숙,
원초적,일이나 사물이 시작되는 가장 첫머리에 해당하는 본질적인 것,2,2,,3.40,원초+적,보류 — 토큰 2개로 쪼개져 값이 조각 빈도(원초+적),
위선,겉으로만 그럴듯하게 선한 체하며 속으로는 딴마음을 품음,2,2,,3.58,위선,zipf 3.58 — 보통,
유기성,생명체의 장기들처럼 여러 부분이 서로 긴밀하게 연결되어 떼어낼 수 없는 ,3,3,,0.00,유기성,빈도표에 없음 → 매우 드묾,
유도,어떤 방향이나 상태로 이끎,2,2,,4.48,유도,zipf 4.48 — 보통,
유려하다,"글이나 말, 곡선 따위가 거침없이 미끈하고 아름답다",2,2,,3.08,유려+하+다,보류 — 토큰 3개로 쪼개져 값이 조각 빈도(유려+하+다),
유력,어떤 일이 일어날 가능성이 매우 높음,2,2,,4.02,유력,zipf 4.02 — 보통,
유리하다,【…에 / 에게】 이익이 있다,2,2,,4.81,유리+하+다,보류 — 토큰 3개로 쪼개져 값이 조각 빈도(유리+하+다),
유상증자,기업이 주식을 새로 발행하여 기존 주주나 일반인에게 돈을 받고 파는 일,2,2,,3.02,유상+증자,보류 — 토큰 2개로 쪼개져 값이 조각 빈도(유상+증자),
유연성,상황에 맞게 융통성 있게 대처하는 부드러운 성질,1,1,,4.05,유연+성,보류 — 토큰 2개로 쪼개져 값이 조각 빈도(유연+성),
유의미,가치나 의미가 있음,2,2,,3.22,유의미,zipf 3.22 — 보통,
유추,비슷한 성질을 가진 것을 통해 다른 사물이나 현상을 미루어 짐작함,2,2,,3.43,유추,zipf 3.43 — 보통,
유한성,인간이나 존재가 영원하지 못하고 일정한 시공간적 한계를 지님,3,3,,3.79,유한+성,보류 — 토큰 2개로 쪼개져 값이 조각 빈도(유한+성),
유형,형상이나 형체가 있음,1,1,,4.59,유형,zipf 4.59 — 익숙,
유희,목적을 달성하려는 긴장이나 압박에서 벗어나 즐겁고 자유롭게 노는 지적/예,2,2,,3.57,유희,zipf 3.57 — 보통,
융합,다른 종류의 것이 녹아서 서로 구별이 없게 하나로 합해짐,2,2,,4.12,융합,zipf 4.12 — 보통,
응시,시험이나 검사 따위를 치름,2,2,,3.88,응시,zipf 3.88 — 보통,
의구심,의심스러운 마음,2,2,,3.25,의구심,zipf 3.25 — 보통,
의연하다,의지가 굳세어서 끄떡없다,3,3,,0.00,의연+하+다,보류 — 토큰 3개로 쪼개져 값이 조각 빈도(의연+하+다),
의지,어떤 일이나 목표를 뜻한 대로 실현하려는 단단하고 주체적인 마음,1,1,,4.59,의지,zipf 4.59 — 익숙,
이면,겉으로 드러나지 않는 속사정이나 숨겨진 부분,2,2,,3.55,이면,zipf 3.55 — 보통,
이성,감정에 휘둘리지 않고 사리를 올바르게 분별하여 생각하고 논리적으로 추론하,2,2,,4.35,이성,zipf 4.35 — 보통,
이성주의,이성과 논리적 사유를 지식과 진리의 유일한 근원으로 삼는 태도,3,3,,0.00,이성주의,빈도표에 없음 → 매우 드묾,
이유,어떠한 결론이나 결과에 이른 까닭,1,1,,5.54,이유,zipf 5.54 — 익숙,
이탈,"정해진 가치, 궤도, 관계 혹은 집단의 굴레로부터 빠져 벗어남",2,2,,4.07,이탈,zipf 4.07 — 보통,
이행,"약속이나 계약, 의무 따위를 실제로 행함",2,2,,4.21,이행,zipf 4.21 — 보통,
인도,사람으로서 마땅히 지켜야 할 도리.,1,1,,4.87,인도,zipf 4.87 — 익숙,
인본주의,인간의 가치와 존엄성을 최고의 원칙으로 삼는 사상,3,3,,0.00,인본주의,빈도표에 없음 → 매우 드묾,
인수합병,기업을 사들이거나 다른 기업과 하나로 합치는 일,2,2,,3.97,인수+합병,보류 — 토큰 2개로 쪼개져 값이 조각 빈도(인수+합병),
인습적,"예전의 풍습, 습관, 예절 따위를 그대로 따르는. 또는 그런 것",2,2,,0.00,인습+적,보류 — 토큰 2개로 쪼개져 값이 조각 빈도(인습+적),
인용,남의 말이나 글을 자신의 말이나 글 속에 끌어 씀,1,1,,4.55,인용,zipf 4.55 — 익숙,
인위,자연 그대로가 아닌 사람의 힘으로 억지로 꾸며 행함,2,2,,3.60,인위,zipf 3.60 — 보통,
인지도,어떤 사람이나 물건을 알아보는 정도,2,2,,3.54,인지도,zipf 3.54 — 보통,
일관성,방법이나 태도가 처음부터 끝까지 변함없이 같은 성질,1,1,,4.05,일관+성,보류 — 토큰 2개로 쪼개져 값이 조각 빈도(일관+성),
일반화,개별적인 현상을 전체에 두루 통하는 것으로 만듦,2,2,,5.18,일반+화,보류 — 토큰 2개로 쪼개져 값이 조각 빈도(일반+화),
일체감,타인이나 집단과 자신이 한 몸처럼 연결되어 있다고 느끼는 마음,3,3,,0.00,일체감,빈도표에 없음 → 매우 드묾,
일탈,사회적 규범이나 정해진 궤도에서 벗어남,2,2,,3.58,일탈,zipf 3.58 — 보통,
입체적,한쪽 면만이 아닌 여러 방면과 깊이를 지닌 것,2,2,,3.95,입체+적,보류 — 토큰 2개로 쪼개져 값이 조각 빈도(입체+적),
자각,자기 자신의 상태나 가치를 스스로가 깊이 느껴서 깨달음,2,2,,3.79,자각,zipf 3.79 — 보통,
자격지심,자기가 한 일에 대하여 스스로 미흡하게 여기는 마음,3,3,,0.00,자격지심,빈도표에 없음 → 매우 드묾,
자긍심,스스로에게 긍지를 가지는 마음,3,3,,0.00,자긍심,빈도표에 없음 → 매우 드묾,
자기기만,스스로 자신의 진심을 속이거나 모른 체하여 정당화함,3,3,,5.50,자기+기+만,보류 — 토큰 3개로 쪼개져 값이 조각 빈도(자기+기+만),
자기부정,더 높은 의식으로 거듭나기 위해 현재의 낡은 자아를 해체하고 부인함,3,3,,4.76,자기+부정,보류 — 토큰 2개로 쪼개져 값이 조각 빈도(자기+부정),
자기소외,자신의 주체적인 본질을 잃어버리고 스스로에게 낯설어지는 상태,3,3,,3.71,자기+소외,보류 — 토큰 2개로 쪼개져 값이 조각 빈도(자기+소외),
자리매김,사회나 사람들의 인식 따위에 어느 정도의 고정된 위치를 차지함. 또는 그,2,2,,3.50,자리매김,zipf 3.50 — 보통,
자부심,자기 자신이나 자기와 관련된 것의 가치나 능력을 믿고 당당히 여기는 마음,2,2,,3.81,자부심,zipf 3.81 — 보통,
자비,타인의 허물을 깊이 감싸안고 그의 아픔을 안타깝게 여겨 널리 사랑을 베풂,2,2,,4.09,자비,zipf 4.09 — 보통,
자생적,외부의 도움이나 강요 없이 스스로 생겨나 자라는 것,3,3,,3.58,자생+적,보류 — 토큰 2개로 쪼개져 값이 조각 빈도(자생+적),
자아,자기 자신을 타인이나 대상과 뚜렷이 구별하여 의식하는 주체적인 마음,2,2,,4.21,자아,zipf 4.21 — 보통,
자원,인간 생활에 이용되는 원료,1,1,,4.71,자원,zipf 4.71 — 익숙,
자율성,남의 지배나 구속을 받지 아니하고 스스로의 원칙에 따라 통제하고 다스리는,2,2,,4.13,자율+성,보류 — 토큰 2개로 쪼개져 값이 조각 빈도(자율+성),
자의적,일정한 질서를 무시하고 제멋대로 하는. 또는 그런 것,2,2,,3.52,자의+적,보류 — 토큰 2개로 쪼개져 값이 조각 빈도(자의+적),
자주성,남에게 예속되거나 휘둘리지 않고 제 뜻대로 제 삶을 지켜나가는 성질,3,3,,4.96,자주+성,보류 — 토큰 2개로 쪼개져 값이 조각 빈도(자주+성),
자책,자신의 결함이나 잘못에 대하여 스스로 깊이 뉘우치고 자신을 책망함,2,2,,3.57,자책,zipf 3.57 — 보통,
작성,"서류, 원고 따위를 만듦",1,1,,4.78,작성,zipf 4.78 — 익숙,
잠재적,겉으로 드러나지 않고 속에 숨어 있는 것,1,1,,4.07,잠재+적,보류 — 토큰 2개로 쪼개져 값이 조각 빈도(잠재+적),
잠정,당분간 정함,2,2,,3.68,잠정,zipf 3.68 — 보통,
장황하다,매우 길고 번거롭다,2,2,,3.07,장황+하+다,보류 — 토큰 3개로 쪼개져 값이 조각 빈도(장황+하+다),
재정건전성,국가나 지방 자치 단체의 재정 상태가 건전한 정도,2,2,,4.00,재정+건전+성,보류 — 토큰 3개로 쪼개져 값이 조각 빈도(재정+건전+성),
재활용,못 쓰게 된 것을 손질하여 다시 씀,1,1,,4.64,재+활용,보류 — 토큰 2개로 쪼개져 값이 조각 빈도(재+활용),
전개,열리어 나타남,1,1,,4.53,전개,zipf 4.53 — 익숙,
전망,앞날을 헤아려 내다봄. 또는 내다보이는 장래의 상황,2,2,,4.08,전망,zipf 4.08 — 보통,
전반,어떤 범위 안의 모든 부분.,2,2,,4.41,전반,zipf 4.41 — 보통,
전유,외부의 문물이나 사상을 온전히 자기 것으로 만들어 독차지함,3,3,,0.00,전유,빈도표에 없음 → 매우 드묾,
전율,몹시 두렵거나 큰 감동을 느끼거나 하여 몸이 벌벌 떨림,2,2,,3.24,전율,zipf 3.24 — 보통,
전제,어떤 사물이나 현상을 이루기 위하여 먼저 내세우는 바탕,2,2,,4.18,전제,zipf 4.18 — 보통,
전통,예로부터 이어져 내려오는 사상이나 관습,1,1,,4.92,전통,zipf 4.92 — 익숙,
전형,같은 부류의 특징을 가장 잘 나타내는 대표적인 표본이나 인물,2,2,,4.35,전형,zipf 4.35 — 보통,
전환,다른 방향이나 상태로 바뀌거나 바꿈,1,1,,4.70,전환,zipf 4.70 — 익숙,
절대성,다른 가치와 비교되거나 어떠한 조건에도 제약을 받지 않는 고유한 가치나 ,3,3,,4.98,절대+성,보류 — 토큰 2개로 쪼개져 값이 조각 빈도(절대+성),
점진적,조급하게 서두르지 않고 차례를 따라 조금씩 나아가는 것,2,2,,3.51,점진+적,보류 — 토큰 2개로 쪼개져 값이 조각 빈도(점진+적),
접수,서류나 물건 따위를 받아들임,2,2,,4.25,접수,zipf 4.25 — 보통,
정교하다,솜씨나 기술 따위가 정밀하고 교묘하다,2,2,,4.05,정교+하+다,보류 — 토큰 3개로 쪼개져 값이 조각 빈도(정교+하+다),
정교화,"생각이나 기술, 이론 등을 더욱 정밀하고 꼼꼼하게 다듬음",3,3,,0.00,정교화,빈도표에 없음 → 매우 드묾,
정규,정해진 규칙이나 규격에 맞음,2,2,,4.47,정규,zipf 4.47 — 보통,
정리,흐트러지거나 어수선한 것을 한데 모으거나 치움,1,1,,5.06,정리,zipf 5.06 — 익숙,
정진,힘써 나아감,2,2,,3.57,정진,zipf 3.57 — 보통,
정체,사물이 발전하거나 나아가지 못하고 한자리에 머물러 그침,1,1,,4.63,정체,zipf 4.63 — 익숙,
정체성,변하지 않는 자신의 본질이나 유일한 존재로서의 자각,2,2,,4.61,정체+성,보류 — 토큰 2개로 쪼개져 값이 조각 빈도(정체+성),
정합성,어떤 논리적 체계나 진술들이 어긋남 없이 긴밀하고 통일되게 들어맞음,3,3,,0.00,정합성,빈도표에 없음 → 매우 드묾,
제고,수준이나 정도를 높임,2,2,,3.56,제고,zipf 3.56 — 보통,
제기,의견이나 문제를 내어놓음,1,1,,4.64,제기,zipf 4.64 — 익숙,
제안,안이나 의견으로 내놓음. 또는 그 안이나 의견,1,1,,4.90,제안,zipf 4.90 — 익숙,
제압,상대편을 눌러서 꼼짝 못 하게 함,2,2,,3.89,제압,zipf 3.89 — 보통,
제약,행동이나 현상이 마음대로 펼쳐지지 못하도록 막아 두는 한계나 조건,2,2,,4.27,제약,zipf 4.27 — 보통,
제어,"감정이나 욕망, 기계 등을 목적에 맞게 조절함",1,1,,4.54,제어,zipf 4.54 — 익숙,
조바심,조마조마하여 마음을 졸임. 또는 그렇게 졸이는 마음,2,2,,3.07,조바심,zipf 3.07 — 보통,
조성,무엇을 만들어서 이룸,1,1,,4.63,조성,zipf 4.63 — 익숙,
조율,서로 다른 입장이나 생각들을 알맞게 맞추어 조화롭게 만듦,2,2,,3.65,조율,zipf 3.65 — 보통,
조응,서로 떨어져 있으면서도 긴밀하게 조화를 이루며 들어맞음,3,3,,0.00,조응,빈도표에 없음 → 매우 드묾,
조정,어떤 기준이나 실정에 맞게 정돈함,1,1,,4.84,조정,zipf 4.84 — 익숙,
존경,타인의 숭고한 인격이나 성취를 우러러보고 소중히 대함,2,2,,4.43,존경,zipf 4.43 — 보통,
존립,스스로 서서 유지되거나 생존해 나감,2,2,,3.02,존립,zipf 3.02 — 보통,
존엄성,지위나 조건에 관계없이 존재 자체로서 최고로 높고 엄숙한 대접을 받아야 ,3,3,,3.87,존엄+성,보류 — 토큰 2개로 쪼개져 값이 조각 빈도(존엄+성),
죄책감,저지른 잘못에 대하여 책임을 느끼는 마음,2,2,,3.95,죄책감,zipf 3.95 — 보통,
주관,자기만의 고유한 관점이나 주관적인 생각 혹은 판단,2,2,,4.43,주관,zipf 4.43 — 보통,
주기,같은 현상이나 특징이 한 번 나타나고부터 다음번 되풀이되기까지의 기간,1,1,,4.55,주기,zipf 4.55 — 익숙,
주요국,중요한 위치를 차지하고 있는 나라,2,2,,0.00,주+요국,보류 — 토큰 2개로 쪼개져 값이 조각 빈도(주+요국),
주체성,어떤 일을 하는 데 스스로의 의지에 따라 처리하는 성질,2,2,,4.30,주체+성,보류 — 토큰 2개로 쪼개져 값이 조각 빈도(주체+성),
준비,미리 마련하여 갖춤,1,1,,5.46,준비,zipf 5.46 — 익숙,
중도적,어느 한쪽으로 치우치지 아니하고 가운데에 있는. 또는 그런 것,2,2,,4.06,중도+적,보류 — 토큰 2개로 쪼개져 값이 조각 빈도(중도+적),
즉자적,스스로를 성찰하지 않고 본능이나 상황에 끌려가는 단순한 존재 상태,3,3,,0.00,즉자+적,보류 — 토큰 2개로 쪼개져 값이 조각 빈도(즉자+적),
즉흥적,그 자리에서 일어나는 감흥이나 기분에 따라 하는. 또는 그런 것,2,2,,3.64,즉흥+적,보류 — 토큰 2개로 쪼개져 값이 조각 빈도(즉흥+적),
증가율,일정한 기간 동안 수량이나 수치가 늘어나는 비율,2,2,,4.53,증가+율,보류 — 토큰 2개로 쪼개져 값이 조각 빈도(증가+율),
증명,어떤 사항이나 판단 따위에 대하여 그것이 진실인지 아닌지 증거를 들어서 ,1,1,,4.71,증명,zipf 4.71 — 익숙,
지급,돈이나 물품 따위를 정하여진 몫만큼 내줌.,1,1,,4.59,지급,zipf 4.59 — 익숙,
지루하다,시간이 오래 걸리거나 같은 상태가 계속되어 따분하다,1,1,,4.19,지루+하+다,보류 — 토큰 3개로 쪼개져 값이 조각 빈도(지루+하+다),
지명,이름을 들어 가리킴.,2,2,,4.10,지명,zipf 4.10 — 보통,
지성,사물의 옳고 그름과 본질을 꿰뚫어 보고 윤리적으로 바른 판단을 내리는 지,2,2,,4.07,지성,zipf 4.07 — 보통,
지속가능한,미래 세대에게 영향을 끼치지 않으면서 현재의 필요를 충족시킬 수 있는,2,2,,4.72,지속+가능+한,보류 — 토큰 3개로 쪼개져 값이 조각 빈도(지속+가능+한),
지시,가리켜 보임,1,1,,4.66,지시,zipf 4.66 — 익숙,
지식인,높은 지식을 지니고 사회의 모순을 비판하며 실천하는 지성인,2,2,,4.77,지식+인,보류 — 토큰 2개로 쪼개져 값이 조각 빈도(지식+인),
지양,더 높은 단계로 나아가기 위하여 어떤 행동이나 태도를 하지 않음,2,2,,3.48,지양,zipf 3.48 — 보통,
지엽적,본질적이지 않고 곁가지에 불과한 사소하고 부차적인 것,2,2,,0.00,지엽+적,보류 — 토큰 2개로 쪼개져 값이 조각 빈도(지엽+적),
지장,일이 진행되는 데 거치적거려 방해가 되는 것.,2,2,,3.91,지장,zipf 3.91 — 보통,
지키다,약속이나 규칙 따위를 어기지 아니하고 그대로 하다,1,1,,4.83,지키+다,보류 — 토큰 2개로 쪼개져 값이 조각 빈도(지키+다),
지향성,의식이 항상 어떤 대상이나 목표를 향하고 있는 성질,3,3,,4.30,지향+성,보류 — 토큰 2개로 쪼개져 값이 조각 빈도(지향+성),
직관적,복잡한 사고나 추리를 거치지 않고 본질을 직접적으로 파악하는 것,1,1,,3.73,직관+적,보류 — 토큰 2개로 쪼개져 값이 조각 빈도(직관+적),
진부하다,"사상, 표현, 행동 따위가 낡아서 새롭지 못하다",2,2,,3.49,진부+하+다,보류 — 토큰 3개로 쪼개져 값이 조각 빈도(진부+하+다),
진위,참과 거짓,2,2,,3.36,진위,zipf 3.36 — 보통,
진전,일이 앞을 향하여 나아감,2,2,,4.05,진전,zipf 4.05 — 보통,
진정성,위선이나 꾸밈이 전혀 없이 참되고 정직하여 믿을 만한 깊은 성품,2,2,,4.89,진정+성,보류 — 토큰 2개로 쪼개져 값이 조각 빈도(진정+성),
진출,어떤 방면으로 활동 범위나 세력을 넓혀 나아감,1,1,,4.72,진출,zipf 4.72 — 익숙,
진흥기관,어떤 분야의 발전을 장려하고 일으키는 역할을 하는 기관,3,3,,4.27,진흥+기관,보류 — 토큰 2개로 쪼개져 값이 조각 빈도(진흥+기관),
질문,모르거나 의심나는 점을 물음,1,1,,5.20,질문,zipf 5.20 — 익숙,
집중,한 가지 일에 모든 힘을 쏟아부음,1,1,,4.90,집중,zipf 4.90 — 익숙,
징계,잘못을 저지른 사람에게 주는 벌,2,2,,4.06,징계,zipf 4.06 — 보통,
차별,둘 이상의 대상을 차등을 두어 구별함,1,1,,4.81,차별,zipf 4.81 — 익숙,
차별화,둘 사이를 구별 지어 서로 다른 독특한 성질을 드러냄,2,2,,4.77,차별+화,보류 — 토큰 2개로 쪼개져 값이 조각 빈도(차별+화),
차원,사물을 보거나 생각하는 처지. 또는 어떤 생각이나 의견 따위를 이루는 사,1,1,,4.77,차원,zipf 4.77 — 익숙,
차이,서로 같지 아니하고 다름,1,1,,5.10,차이,zipf 5.10 — 익숙,
착수,어떤 일을 시작함,2,2,,4.02,착수,zipf 4.02 — 보통,
착실하다,사람이 허튼 데가 없이 찬찬하며 실하다,2,2,,3.23,착실+하+다,보류 — 토큰 3개로 쪼개져 값이 조각 빈도(착실+하+다),
착잡하다,갈피를 잡을 수 없이 뒤섞여 어수선하다,2,2,,0.00,착잡+하+다,보류 — 토큰 3개로 쪼개져 값이 조각 빈도(착잡+하+다),
찬사,숭고한 인물이나 업적에 대해 아낌없이 보내는 지극한 칭찬의 말,2,2,,3.68,찬사,zipf 3.68 — 보통,
참다,"웃음, 울음, 아픔 따위를 억누르고 견디다",1,1,,5.41,참+다,보류 — 토큰 2개로 쪼개져 값이 조각 빈도(참+다),
참담하다,몹시 슬프고 괴롭다. 또는 끔찍하고 절망적이다,2,2,,3.31,참담+하+다,보류 — 토큰 3개로 쪼개져 값이 조각 빈도(참담+하+다),
참되다,진실하고 올바르다,2,2,,5.39,참+되+다,보류 — 토큰 3개로 쪼개져 값이 조각 빈도(참+되+다),
참석,모임이나 회의 따위의 자리에 나아감,1,1,,4.56,참석,zipf 4.56 — 익숙,
참신하다,새롭고 산뜻하다,2,2,,3.46,참신+하+다,보류 — 토큰 3개로 쪼개져 값이 조각 빈도(참신+하+다),
참여,어떤 일에 끼어들어 관계함,1,1,,5.50,참여,zipf 5.50 — 익숙,
참조,참고로 비교하고 대조하여 봄,1,1,,4.55,참조,zipf 4.55 — 익숙,
창조,전에 없던 것을 처음으로 만듦,1,1,,4.62,창조,zipf 4.62 — 익숙,
창조성,"새로운 가치나 개념, 예술적인 작품을 독창적으로 만들어 내는 힘",3,3,,4.60,창조+성,보류 — 토큰 2개로 쪼개져 값이 조각 빈도(창조+성),
창피하다,체면이 깎이는 일을 당하여 부끄럽다,1,1,,3.92,창피+하+다,보류 — 토큰 3개로 쪼개져 값이 조각 빈도(창피+하+다),
채록,필요한 자료를 찾아 모아서 적거나 녹음함. 또는 그런 기록이나 녹음,3,3,,0.00,채록,빈도표에 없음 → 매우 드묾,
처리,사무나 사건 따위를 절차에 따라 정리하여 치르거나 마무리를 지음,1,1,,5.11,처리,zipf 5.11 — 익숙,
처연하다,애달프고 구슬프다,3,3,,0.00,처연+하+다,보류 — 토큰 3개로 쪼개져 값이 조각 빈도(처연+하+다),
첨가,어떤 것에 다른 것을 더하여 보탬,2,2,,3.81,첨가,zipf 3.81 — 보통,
청소,더럽거나 어지러운 것을 쓸고 닦아서 깨끗하게 함,1,1,,4.55,청소,zipf 4.55 — 익숙,
체계적,일정한 원리에 따라 부분들이 짜임새 있게 조직되어 통일된 전체를 이루는 ,2,2,,4.77,체계+적,보류 — 토큰 2개로 쪼개져 값이 조각 빈도(체계+적),
체계화,일정한 원리에 따라 낱낱의 부분이 잘 짜여져 통일된 전체로 됨,2,2,,4.75,체계+화,보류 — 토큰 2개로 쪼개져 값이 조각 빈도(체계+화),
체념,뜻대로 되지 않는 상황을 순순히 받아들이고 바람이나 기대를 내려놓음,2,2,,3.09,체념,zipf 3.09 — 보통,
체제,생기거나 이루어진 틀. 또는 그런 됨됨이. ‘형식01’으로 순화,1,1,,4.73,체제,zipf 4.73 — 익숙,
초대,손님을 청하여 부름,1,1,,4.79,초대,zipf 4.79 — 익숙,
초래,어떤 결과를 가져오게 함,2,2,,4.07,초래,zipf 4.07 — 보통,
초빙,예우를 갖추어 사람을 불러옴,2,2,,3.57,초빙,zipf 3.57 — 보통,
초점,어떤 일의 중심이 되는 부분.,2,2,,4.25,초점,zipf 4.25 — 보통,
초조하다,애가 타서 마음이 조마조마하다,1,1,,3.60,초조+하+다,보류 — 토큰 3개로 쪼개져 값이 조각 빈도(초조+하+다),
촉발,어떤 일을 당해 감정이나 충동 등이 일어남,2,2,,3.59,촉발,zipf 3.59 — 보통,
최소화,가장 작게 함,2,2,,4.65,최소+화,보류 — 토큰 2개로 쪼개져 값이 조각 빈도(최소+화),
추이,시간이 지나면서 일이나 상황이 변해가는 모습,2,2,,3.73,추이,zipf 3.73 — 보통,
추측,미루어 생각하여 헤아림.,2,2,,4.30,추측,zipf 4.30 — 보통,
출간,책이나 신문 따위를 만들어 세상에 내놓음,2,2,,4.29,출간,zipf 4.29 — 보통,
출자,기업의 자본금을 늘리기 위하여 돈을 내어놓음,2,2,,3.68,출자,zipf 3.68 — 보통,
충돌,서로 맞부딪치거나 맞섬,1,1,,4.55,충돌,zipf 4.55 — 익숙,
측면,앞뒤에 대하여 왼쪽이나 오른쪽의 면,1,1,,4.62,측면,zipf 4.62 — 익숙,
측은하다,가엾고 불쌍하다,2,2,,0.00,측은+하+다,보류 — 토큰 3개로 쪼개져 값이 조각 빈도(측은+하+다),
치료,병이나 상처 따위를 잘 다스려 낫게 함,1,1,,5.13,치료,zipf 5.13 — 익숙,
치밀하다,자세하고 꼼꼼하다,2,2,,3.60,치밀+하+다,보류 — 토큰 3개로 쪼개져 값이 조각 빈도(치밀+하+다),
치열한,기세나 세력이 매우 강함,2,2,,3.98,치열+한,보류 — 토큰 2개로 쪼개져 값이 조각 빈도(치열+한),
치환,어떤 대상을 다른 성질이나 존재로 바꾸어 놓음,2,2,,3.42,치환,zipf 3.42 — 보통,
친정,본래 몸담았던 곳을 비유적으로 이르는 말,2,2,,3.54,친정,zipf 3.54 — 보통,
침울하다,걱정이나 근심에 잠겨서 마음이 우울하다,2,2,,3.10,침울+하+다,보류 — 토큰 3개로 쪼개져 값이 조각 빈도(침울+하+다),
침착하다,행동이 들뜨지 아니하고 차분하다,1,1,,4.22,침착+하+다,보류 — 토큰 3개로 쪼개져 값이 조각 빈도(침착+하+다),
커밍아웃,자신의 성적 지향이나 성별 정체성을 공개적으로 드러내는 일,2,2,,3.46,커밍아웃,zipf 3.46 — 보통,
컨소시엄,공동의 목적을 위해 여러 개인이나 기업이 결성한 연합체,2,2,,3.40,컨소시엄,zipf 3.40 — 보통,
타당성,사물의 이치에 맞아 올바른 성질,2,2,,3.89,타당+성,보류 — 토큰 2개로 쪼개져 값이 조각 빈도(타당+성),
타당하다,[형용사] 일의 이치로 보아 옳다,2,2,,3.89,타당+하+다,보류 — 토큰 3개로 쪼개져 값이 조각 빈도(타당+하+다),
타자성,나와는 다른 존재로서 지니는 고유하고 이질적인 성질,3,3,,4.19,타자+성,보류 — 토큰 2개로 쪼개져 값이 조각 빈도(타자+성),
탁월성,남보다 두드러지게 뛰어난 성질,2,2,,3.87,탁월+성,보류 — 토큰 2개로 쪼개져 값이 조각 빈도(탁월+성),
탄복,매우 감탄하여 마음으로 따름,3,3,,0.00,탄복,빈도표에 없음 → 매우 드묾,
탐닉,어떤 쾌락적인 일이나 감정에 지나치게 빠져 헤어나오지 못하고 조종당함,3,3,,0.00,탐닉,빈도표에 없음 → 매우 드묾,
태연하다,마땅히 머뭇거리거나 두려워할 상황에서 태도나 기색이 아무렇지도 않은 듯이,2,2,,3.56,태연+하+다,보류 — 토큰 3개로 쪼개져 값이 조각 빈도(태연+하+다),
통계적,수치와 데이터에 따르는 것,2,2,,4.58,통계+적,보류 — 토큰 2개로 쪼개져 값이 조각 빈도(통계+적),
통산,전체 횟수를 합침,2,2,,3.68,통산,zipf 3.68 — 보통,
통시적,사물이나 현상의 역사를 시간적 흐름에 따라 살펴보는 것,3,3,,0.00,통시+적,보류 — 토큰 2개로 쪼개져 값이 조각 빈도(통시+적),
통일성,다양한 요소들이 있으면서도 전체가 하나로서 파악되는 성질,2,2,,4.73,통일+성,보류 — 토큰 2개로 쪼개져 값이 조각 빈도(통일+성),
통제,일정한 방침이나 목적에 따라 행위를 제한하거나 제약함,1,1,,4.78,통제,zipf 4.78 — 익숙,
통쾌하다,아주 즐겁고 시원하여 유쾌하다,2,2,,3.27,통쾌+하+다,보류 — 토큰 3개로 쪼개져 값이 조각 빈도(통쾌+하+다),
통합,"여러 개의 기구나 조직, 생각 등을 하나로 합침",1,1,,4.96,통합,zipf 4.96 — 익숙,
투영,어떤 대상을 다른 사물에 반영하거나 비추어 나타나게 함,2,2,,3.56,투영,zipf 3.56 — 보통,
투표,선거 따위에서 표에 의사를 표시하여 냄,1,1,,4.92,투표,zipf 4.92 — 익숙,
특유,특별히 그 대상만이 가지고 있음,2,2,,4.21,특유,zipf 4.21 — 보통,
파급,어떤 일의 영향이 차차 다른 데로 퍼져 미침,2,2,,3.36,파급,zipf 3.36 — 보통,
파란,예상하지 못한 놀라운 일이나 사건.,2,2,,4.09,파란,zipf 4.09 — 보통,
파열,굳건해 보이던 관계나 사회적 질서가 충돌에 의해 찢어지고 해체됨,2,2,,3.64,파열,zipf 3.64 — 보통,
파편화,전체적인 조화를 잃고 미세한 조각들로 어수선하게 나누어지는 현상,1,1,,3.80,파편+화,보류 — 토큰 2개로 쪼개져 값이 조각 빈도(파편+화),
편익,편리하고 유익함,2,2,,3.15,편익,zipf 3.15 — 보통,
편재,널리 퍼져 있음,3,3,,0.00,편재,빈도표에 없음 → 매우 드묾,
편차,수치나 상태 등이 일정한 기준에서 벗어난 정도나 크기,2,2,,3.38,편차,zipf 3.38 — 보통,
평년,보통의 해 또는 예년의 기상 상태를 기준으로 한 평균적인 해,2,2,,3.27,평년,zipf 3.27 — 보통,
평형,사물이 한쪽으로 기울지 않고 안정해 있음,2,2,,3.43,평형,zipf 3.43 — 보통,
폐쇄,문이나 통로를 닫아 잠금,2,2,,4.47,폐쇄,zipf 4.47 — 보통,
포괄적,어떤 대상이나 현상을 넓은 범위 안에 묶어 아우르는 것,2,2,,3.97,포괄+적,보류 — 토큰 2개로 쪼개져 값이 조각 빈도(포괄+적),
포기,하려던 일을 도중에 그만두어 버림,1,1,,4.91,포기,zipf 4.91 — 익숙,
포스트시즌,정규 시즌이 끝난 뒤 우승 팀을 가리기 위해 벌이는 경기 방식,2,2,,4.30,포스트+시즌,보류 — 토큰 2개로 쪼개져 값이 조각 빈도(포스트+시즌),
포용성,나와 다른 가치나 사람을 너그럽게 품어 안아주는 부드러운 성질,3,3,,3.34,포용+성,보류 — 토큰 2개로 쪼개져 값이 조각 빈도(포용+성),
포함,어떤 사물이나 현상 가운데 함께 들어 있거나 함께 넣음,1,1,,5.39,포함,zipf 5.39 — 익숙,
포효,짐승이 크게 울부짖음 또는 기세 좋게 크게 외침,2,2,,3.13,포효,zipf 3.13 — 보통,
학위,대학이나 대학원에서 일정한 과정을 마친 사람에게 주는 자격,2,2,,4.38,학위,zipf 4.38 — 보통,
한계,사물이나 현상이 더 이상 나아갈 수 없는 끝.,2,2,,4.40,한계,zipf 4.40 — 보통,
한정,수량이나 범위 따위를 제한하여 정함. 또는 그런 한도,1,1,,4.60,한정,zipf 4.60 — 익숙,
할당,각자의 몫을 갈라 나눔,2,2,,3.95,할당,zipf 3.95 — 보통,
합리성,이치와 논리에 어긋나지 않고 타당한 성질,2,2,,4.20,합리+성,보류 — 토큰 2개로 쪼개져 값이 조각 빈도(합리+성),
합리화,자신의 비겁한 행동이나 선택에 그럴듯한 이유를 대어 정당하게 만듦,2,2,,4.20,합리+화,보류 — 토큰 2개로 쪼개져 값이 조각 빈도(합리+화),
합병,"둘 이상의 기구나 단체, 나라 따위가 하나로",2,2,,4.16,합병,zipf 4.16 — 보통,
합성,둘 이상의 것을 합쳐서 하나를 이룸,1,1,,4.52,합성,zipf 4.52 — 익숙,
항목,법률이나 규정 따위의 낱낱의 조항이나 목.,1,1,,4.57,항목,zipf 4.57 — 익숙,
항소,하급 법원의 판결에 불복하여 상급 법원에 다시 재판을 청구하는 일,2,2,,3.67,항소,zipf 3.67 — 보통,
해당,(주로 다른 명사 앞에 쓰여) 무엇에 관계되는 바로 그것,1,1,,5.17,해당,zipf 5.17 — 익숙,
핵심적,사물의 본질이나 가장 중심이 되는 것,1,1,,4.52,핵심+적,보류 — 토큰 2개로 쪼개져 값이 조각 빈도(핵심+적),
행보,어떤 목적을 이루기 위해 취하는 태도나 방향,2,2,,3.93,행보,zipf 3.93 — 보통,
행사,부려서 씀,1,1,,4.97,행사,zipf 4.97 — 익숙,
행위성,상황의 지배에 머물지 않고 능동적으로 선택하고 실천하는 힘,3,3,,4.96,행위+성,보류 — 토큰 2개로 쪼개져 값이 조각 빈도(행위+성),
허무,사물이나 존재의 가치를 찾지 못하여 마음속이 텅 비고 덧없음,2,2,,3.61,허무,zipf 3.61 — 보통,
허탈,몸에 기운이 빠지고 정신이 멍함. 또는 그런 상태,2,2,,3.12,허탈,zipf 3.12 — 보통,
허황하다,헛되고 황당하며 미덥지 못하다,2,2,,0.00,허황+하+다,보류 — 토큰 3개로 쪼개져 값이 조각 빈도(허황+하+다),
혁신,"묵은 풍속, 관습, 조직, 방법 따위를 완전히 바꾸어서 새롭게 함",2,2,,4.43,혁신,zipf 4.43 — 보통,
현상,겉으로 나타나는 직접적이고 감각적인 사실이나 모습,1,1,,4.80,현상,zipf 4.80 — 익숙,
현학적,학식이 있음을 자랑하는. 또는 그런 것,2,2,,0.00,현학+적,보류 — 토큰 2개로 쪼개져 값이 조각 빈도(현학+적),
혐오,싫어하고 미워함,2,2,,4.18,혐오,zipf 4.18 — 보통,
협력,힘을 합하여 서로 도움,1,1,,4.82,협력,zipf 4.82 — 익숙,
형성,어떤 형상을 이룸,1,1,,4.82,형성,zipf 4.82 — 익숙,
형이상학,사물의 본질과 존재의 근본 원리를 사유와 직관으로 탐구하는 학문,3,3,,0.00,형이상학,빈도표에 없음 → 매우 드묾,
호투,야구에서 투수가 공을 잘 던짐.,2,2,,3.05,호투,zipf 3.05 — 보통,
호평,좋은 평가나 칭찬.,2,2,,3.93,호평,zipf 3.93 — 보통,
호혜성,서로 특별한 혜택이나 호의를 주고받는 성질,2,2,,0.00,호혜+성,보류 — 토큰 2개로 쪼개져 값이 조각 빈도(호혜+성),
홀가분하다,거추장스럽지 아니하고 가볍고 편안하다,1,1,,0.00,홀가분+하+다,보류 — 토큰 3개로 쪼개져 값이 조각 빈도(홀가분+하+다),
확산,흩어져 널리 퍼짐,2,2,,4.34,확산,zipf 4.34 — 보통,
환경,생물에게 직접·간접으로 영향을 주는 자연적 조건,1,1,,4.99,환경,zipf 4.99 — 익숙,
환류,결과가 다시 원인에 영향을 미쳐 변화를 일으키는 작용이나 과정,3,3,,0.00,환류,빈도표에 없음 → 매우 드묾,
환멸,꿈이나 기대나 환상이 깨어짐. 또는 그때 느끼는 괴롭고도 속절없는 마음,2,2,,3.19,환멸,zipf 3.19 — 보통,
환희,매우 기뻐함. 또는 큰 기쁨,2,2,,3.51,환희,zipf 3.51 — 보통,
활성화,기능이 활발해짐. 또는 활발하게 함,1,1,,4.43,활성+화,보류 — 토큰 2개로 쪼개져 값이 조각 빈도(활성+화),
활용,충분히 잘 이용함,1,1,,4.71,활용,zipf 4.71 — 익숙,
황홀,어떤 사물에 마음이나 시선이 혹하여 달뜸. 또는 눈이 부시어 어릿어릿할 ,2,2,,3.69,황홀,zipf 3.69 — 보통,
회의적,어떤 일에 의심을 품는. 또는 그런 것,2,2,,4.99,회의+적,보류 — 토큰 2개로 쪼개져 값이 조각 빈도(회의+적),
획일적,모두가 똑같아서 다름이 없음,2,2,,0.00,획일+적,보류 — 토큰 2개로 쪼개져 값이 조각 빈도(획일+적),
효과,어떤 목적을 지닌 행위에 의하여 나타나는 보람,1,1,,5.05,효과,zipf 5.05 — 익숙,
효율,들인 노력과 얻은 결과의 비율.,2,2,,4.43,효율,zipf 4.43 — 보통,
후련하다,답답하거나 갑갑하여 언짢던 것이 풀려 마음이 시원하다,1,1,,3.17,후련+하+다,보류 — 토큰 3개로 쪼개져 값이 조각 빈도(후련+하+다),
후회,이전의 잘못을 깨닫고 뉘우침,1,1,,4.60,후회,zipf 4.60 — 익숙,
흐뭇하다,마음에 흡족하여 매우 만족스럽다,1,1,,3.34,흐뭇+하+다,보류 — 토큰 3개로 쪼개져 값이 조각 빈도(흐뭇+하+다),
흥미,흥을 느끼는 재미,1,1,,4.65,흥미,zipf 4.65 — 익숙,
희소성,인간의 욕망에 비해 자원이나 대상의 존재량이 극히 드물고 적음,3,3,,0.00,희소성,빈도표에 없음 → 매우 드묾,
희열,기쁨과 즐거움. 또는 기뻐하고 즐거워함,2,2,,3.15,희열,zipf 3.15 — 보통,
