"target","level","meaning","sentence","제안태그"
"가변성","1","상황에 따라 변하기 쉬운 성질","기억의 ____은 때로 과거를 미화하기도 하지만, 덕분에 우리는 아픈 상처를 딛고 내일로 나아갈 수 있다.","학술_논리"
"개별성","1","전체나 보편적인 것과 구별되는 개개인의 고유한 특성","집단의 규격화된 흐름에 매몰되지 않고, 나만의 속도와 무늬를 묵묵히 다듬어 나가는 ____의 가치는 무엇보다 소중하다.","학술_논리"
"고립","1","다른 사람이나 사회와 관계를 끊고 홀로 남겨진 상태","군중 속의 고독처럼, 수많은 정보와 가상 관계의 범람 속에서도 현대인은 오히려 더 깊은 정서적 ____ 속에서 앓고 있다.","감정_심리,사회_기본"
"동향","1","어떤 현상이나 사태가 움직여 가는 방향","급변하는 시대의 ____을 읽어내는 것도 중요하지만, 변하지 않는 본질에 집중하는 힘도 필요하다.","격식_비즈니스"
"동향","1","고향이 같음. 또는 고향이 같은 사람","철저히 이방인으로 살아가던 낯선 타국에서 우연히 마주친 ____ 사람의 사투리는, 단숨에 향수라는 소나기를 내리게 했다.","사회_기본"
"매몰","1","어떠한 사소한 감정이나 환경, 눈앞의 이익에 완전히 빠져 헤어나오지 못함","당장 눈앞에 닥친 생계의 피로와 남들의 평판에 완전히 ____되어 살아가다 보면, 가슴속에서 반짝이던 진짜 꿈들을 잊어버리기 쉽다.","감정_심리"
"무의식","1","스스로 자각하지 못하는 마음의 깊은 심연 영역","의식의 촛불이 비추는 좁은 방보다, 그 아래에 끝없이 펼쳐진 어둡고 광활한 ____의 바다가 우리의 진짜 동기를 추동한다.","감정_심리,학술_논리"
"방기","1","자신의 책임이나 내면의 의무를 소홀히 하거나 내버려 두고 돌보지 않음","스스로 사유하고 결단하기를 두려워하여 남들의 조언에만 의지하는 것은, 내 인생의 주권을 스스로 ____하는 비겁한 태도다.","격식_비즈니스"
"방황","1","확고한 이정표를 잃고 마음의 안정을 찾지 못해 이리저리 방황하고 헤맴","어디로 가야 할지 모르는 막막한 ____의 계절은 헛된 낭비가 아니라, 나만의 진짜 북극성을 찾기 위한 고결한 여정이다.","감정_심리"
"보편성","1","시대나 장소를 초월하여 모든 것에 두루 미치거나 통하는 성질","지극히 개인적이고 은밀한 고백이야말로, 세대를 건너뛰어 모든 인간의 마음속 슬픔을 울리는 위대한 ____을 획득한다.","학술_논리"
"본질","1","사물이 그 자체가 되게 하는 가장 근본적이고 변하지 않는 성질","화려하게 반짝이는 유행과 겉모습에 눈이 멀기보다, 현상의 장막 이면에서 묵묵히 흐르는 고요한 ____을 꿰뚫어 볼 수 있어야 한다.","학술_논리"
"부합","1","사물이나 현상이 서로 꼭 들어맞음","나의 내면적 가치관과 외부의 행동이 완벽하게 ____할 때, 우리는 가장 자연스럽고 당당한 나 자신이 된다.","학술_논리"
"부합","1","서로 맞대어 붙임","산산이 부서진 관계의 조각들을 억지로 ____하려 들기보다, 그 갈라진 틈새를 있는 그대로 인정할 때 비로소 상처가 아물기 시작한다.","학술_논리"
"상실","1","가지고 있거나 누리던 소중한 것의 맥이 끊기거나 잃어버림","소중한 사람과의 갑작스러운 작별이 남긴 참담한 ____감은, 역설적으로 그 사람이 내 삶에 얼마나 찬란한 빛이었는지 보여준다.","감정_심리"
"습속","1","오랫동안 굳어져 내려온 생활 방식이나 행동 양식","어린 시절부터 속해 있던 계급과 환경 속에서 무의식적으로 길러진 삶의 ____은 우리의 취향과 운명을 결정하는 숨은 조종자가 된다.","사회_기본,학술_논리"
"시각화","1","보이지 않는 추상적인 것을 일정한 형태로 나타내어 보이게 함","모호하게 떠다니던 나의 불안을 글로 적어 ____하고 나니, 비로소 그 감정을 통제할 수 있을 것 같았다.","학술_논리"
"신뢰도","1","믿고 의지할 수 있는 정도","화려한 언변보다도, 한 사람이 보여주는 일관된 태도와 작은 약속의 이행이 관계의 ____를 결정짓는다.","학술_논리"
"양심","1","도덕적인 옳고 그름을 스스로 판단하여 마땅히 선을 행하고 악을 멀리하려는 마음","어두운 밤 아무도 보지 않는 고요 속에서, 가슴 깊이 두근거리며 경고를 보내오는 내면의 ____은 인간다움의 마지막 보루다.","감정_심리,학술_논리"
"어긋나다","1","서로 맞지 않고 빗나가다","약속 시간이 서로 ____ 바람에 두 사람은 만나지 못했다.","기초"
"영속성","1","영원히 계속되어 끊어지지 않는 성질","세상의 모든 아름답고 찬란한 것들은 찰나처럼 지나가 버리지만, 예술은 그 찰나의 순간을 포착하여 인류에게 고요한 ____을 선물한다.","학술_논리"
"요인","1","사물이나 사건 등이 성립되는 중요한 원인","우울이라는 감정은 단 하나의 사건 때문이 아니라, 오랫동안 누적된 관계의 피로와 자존감의 하락 등 복합적 ____이 결합된 결과다.","학술_논리"
"우울","1","마음이 답답하고 활력을 잃어 깊이 침잠하여 슬픈 상태","끝도 없이 밀려오는 마음의 캄캄한 ____은 피하고 싶은 질병이지만 가끔은 내면을 가장 깊이 응시하게 한다.","감정_심리"
"우위","1","다른 사람이나 사물보다 뛰어난 위치나 수준","타인과의 비교를 통해 도덕적 ____를 선점하려는 태도는 결국 자기 자신의 열등감을 감추기 위한 방어기제일 뿐이다.","격식_비즈니스"
"유대","1","끈끈하게 결속되어 서로 밀접하게 연결되어 있음","가장 어두운 고독 속에서도 보이지 않는 마음의 끈으로 서로 연결되어 있다는 단단한 ____는 절망을 버텨내게 하는 가장 큰 힘이다.","사회_기본,감정_심리"
"유연성","1","상황에 맞게 융통성 있게 대처하는 부드러운 성질","나의 신념이 틀릴 수도 있다는 것을 기꺼이 인정하는 사고의 ____이 없다면, 우리는 영원히 자기만의 세계에 고립된다.","감정_심리"
"의지","1","어떤 일이나 목표를 뜻한 대로 실현하려는 단단하고 주체적인 마음","가혹한 시련이 모래바람처럼 휘몰아쳐 우리를 넘어뜨릴지라도, 다시 일어서서 한 걸음 내딛는 단단한 ____는 인간의 위대함을 증명한다.","감정_심리"
"이기심","1","자기 자신의 이익과 평안만을 생각하고 타인을 배려하지 않는 마음","눈앞의 이익을 탐하여 타인의 슬픔을 모른 척하는 옹졸한 ____은 결국 공동체의 기틀을 갉아먹는다.","감정_심리"
"인프라","1","생산이나 생활, 혹은 어떤 현상의 기반을 형성하는 중요한 토대","한 사회의 성숙도를 결정하는 것은 화려한 랜드마크가 아니라, 사회적 약자를 보호하는 보이지 않는 복지 ____의 촘촘함이다.","격식_비즈니스,사회_기본"
"일관성","1","방법이나 태도가 처음부터 끝까지 변함없이 같은 성질","흔들리는 세상 속에서도 스스로 정한 가치관을 지켜나가는 ____은 삶에 단단한 중심축을 만들어 준다.","학술_논리"
"자취","1","어떤 사물이나 사람이 지나간 뒤에 남겨진 흔적","비록 우리의 삶은 찰나처럼 지나갈지라도 우리가 남긴 다정한 위로의 ____는 온기로 영원히 머문다.","학술_논리"
"잠재적","1","겉으로 드러나지 않고 속에 숨어 있는 것","아직 발현되지 않은 내 안의 ____인 열정을 믿고 기다려주는 인내심이야말로 나 자신에게 줄 수 있는 최고의 선물이다.","학술_논리"
"접근성","1","특정 대상이나 정보, 장소에 쉽게 닿거나 다가갈 수 있는 정도","어려운 철학적 사유를 대중의 언어로 풀어내어 지식의 ____을 높이는 것은 지식인이 마땅히 가져야 할 책임이다.","격식_비즈니스,사회_기본"
"지연","1","일이나 시간이 예정보다 늦어짐","당장의 불안을 피하려 중요한 결정을 ____시키는 것은, 이자가 붙어 더 무거워진 눈덩이를 미래의 나에게 던지는 것과 같다.","격식_비즈니스"
"지연","1","태어났거나 사는 지역에 의해 맺어지는 인간관계","혈연이나 ____이라는 좁고 낡은 울타리를 넘어, 오직 영혼의 결이 맞는 사람들과 연대할 때 진정한 자유가 시작된다.","사회_기본"
"직관적","1","복잡한 사고나 추리를 거치지 않고 본질을 직접적으로 파악하는 것","복잡한 분석을 거치지 않아도 진실을 꿰뚫어 보는 ____인 감각은 때로 이성보다 더 정확한 이정표가 된다.","학술_논리"
"진부","1","사상, 표현, 행동 등이 새롭지 못하고 낡음","사랑이라는 말은 오랜 세월을 거치며 닳고 닳아 ____하게 느껴지지만, 그 감정을 느끼는 두 사람의 계절은 매 순간 우주에서 유일하다.","학술_논리"
"통합","1","여러 개의 기구나 조직, 생각 등을 하나로 합침","내 안의 빛나는 장점과 감추고 싶은 어둠을 온전히 ____하여 받아들일 때, 우리는 분열을 멈추고 온전해진다.","격식_비즈니스,사회_기본"
"파편화","1","전체적인 조화를 잃고 미세한 조각들로 어수선하게 나누어지는 현상","소셜 미디어가 건네는 극도로 단편적인 정보들에 중독될 때, 우리의 사고 능력은 서서히 깊이를 잃고 ____되어 버린다.","학술_논리,사회_기본"
"표본","1","본보기로 삼을 만한 대표적인 것","완벽하게 다듬어진 성공 스토리보다, 상처를 안고도 묵묵히 내일을 살아내는 평범한 이들의 삶이 더 위대한 희망의 ____이다.","학술_논리"
"핵심적","1","사물의 본질이나 가장 중심이 되는 것","관계의 갈등을 해결하는 가장 ____인 열쇠는 누가 옳은가를 따지는 것이 아니라, 서로의 다름을 어디까지 용인할 수 있는지 확인하는 것이다.","학술_논리"
"현상","1","겉으로 나타나는 직접적이고 감각적인 사실이나 모습","끊임없이 변화하는 거품 같은 ____들에 일희일비하지 않고, 그 이면의 거대한 파도를 읽어내는 심오한 안목이 필요하다.","학술_논리"
"가시화","2","현상이 실제로 일어남 또는 눈에 보이게 됨","오랜 시간 가슴속에만 머물던 동경이 구체적인 행동을 통해 현실로 ____될 때의 전율은 무엇보다 강렬하다.","격식_비즈니스,학술_논리"
"가식","2","외면을 그럴듯하게 꾸민 거짓된 태도나 행동","사회적 지위나 평판을 지키기 위해 두른 ____의 가면을 벗겨낼 때, 비로소 상처 입은 날것의 자아를 마주하게 된다.","감정_심리"
"각인","2","머릿속이나 마음에 깊이 새겨져 지워지지 않음","어린 시절 가만히 응시했던 푸른 바다의 기억은 영혼에 선명하게 ____되어 평생을 지탱하는 치유의 근원이 된다.","감정_심리,학술_논리"
"결집","2","흩어져 있던 힘이나 뜻을 한데 모음","절망의 끝에 마주한 작은 연대의 불씨들이 마침내 하나의 큰 희망으로 ____될 때 역사는 움직인다.","사회_기본"
"경향성","2","어떤 방향으로 쏠리거나 치우쳐 흘러가려는 특성","상처를 받으면 스스로를 방어하기 위해 타인의 진심을 밀어내려는 무의식적 ____을 우리는 깨달아야 한다.","학술_논리"
"계통","2","일정한 원리에 의해 서로 연결되어 있는 짜임이나 조직","복잡하게 뒤얽힌 사유들의 흐름을 차분히 정리하여 하나의 명료한 ____으로 세워두는 것이 철학의 기초다.","학술_논리"
"고독","2","세상에 홀로 떨어져 있는 듯한 외롭고 쓸쓸한 마음의 상태","어두운 밤을 지새우는 쓸쓸한 ____은 피하고 싶은 고통이지만, 아이러니하게도 그 시간 동안 내면의 깊은 창조성이 영글어간다.","감정_심리"
"고정관념","2","마음속에 깊이 박혀 잘 변하지 않는 굳어버린 생각","세상이 주입한 ____의 안경을 벗어던지고 타인을 마주할 때 비로소 그의 생생한 고유성이 보이기 시작한다.","감정_심리,사회_기본"
"공감대","2","서로의 생각이나 감정에 깊이 공감하고 공유하는 영역","서로 다른 역사와 아픔을 지닌 두 영혼이 말 없는 눈빛만으로 깊은 ____를 형성할 때 슬픔은 가라앉는다.","감정_심리,사회_기본"
"과도기","2","새로운 상태로 옮아가는 도중의 시기","지금의 혼란은 더 단단한 자아로 나아가기 위한 ____일 뿐, 우리는 모두 각자의 속도로 영글어가는 중이다.","학술_논리,사회_기본"
"관성","2","해 오던 방식을 바꾸지 않고 그대로 이어 나가려는 태도나 성질","어제의 고통과 미움을 ____처럼 매일 되풀이하여 품기보다 오늘이라는 찬란한 시작을 흔쾌히 껴안아라.","학술_논리"
"관용","2","타인의 잘못이나 나와 다른 점을 너그럽게 받아들이고 용서함","나와 다른 가치관을 배척하지 않고 부드럽게 감싸 안아주는 지혜로운 ____이 성숙한 공동체의 밑거름이다.","감정_심리,사회_기본"
"극복","2","앞길을 가로막는 시련이나 어려움을 단단한 의지로 이겨 냄","내면을 할퀴고 간 뼈아픈 실연의 아픔을 묵묵히 ____해가는 과정에서, 우리는 이전보다 한층 너른 가슴을 지닌 사람이 된다.","감정_심리"
"기호","2","어떠한 뜻을 나타내기 위해 사용하는 문자, 마크, 신호","우리가 내뱉는 모든 어휘와 침묵은 저마다 영혼의 상태를 간접적으로 보여주는 투명한 ____와 같다.","학술_논리"
"내면화","2","사회적 가치, 도덕적 규범, 타인의 기대 등을 받아들여 자기 것으로 만듦","훌륭한 사상과 철학을 머리로만 이해하는 데 그치지 않고, 삶의 태도와 습관으로 깊이 ____시키는 성찰이 필요하다.","감정_심리,학술_논리"
"다원성","2","사물이나 현상이 여러 가지 다양한 근원이나 형태를 지니고 있는 성질","하나의 정답만을 강요하는 획일적 세계보다, 저마다의 고유한 색채와 목소리가 공존하는 ____이 보장될 때 사회는 비로소 풍요로워진다.","학술_논리,사회_기본"
"도태","2","여럿 중에서 쓸모없거나 부적당한 것을 줄이거나 가려내어 없앰","급변하는 시대의 속도에 적응하지 못하고 ____될지 모른다는 불안감은, 우리를 끊임없이 달리게 만드는 차가운 채찍이 된다.","학술_논리"
"동질성","2","성질이나 본질이 서로 같아 통하는 상태","비슷한 아픔과 슬픔을 지닌 타인을 마주할 때 느끼는 깊은 ____은 영혼의 얼어붙은 얼음을 사르르 녹인다.","학술_논리"
"망각","2","한 번 기억하거나 경험했던 것을 시간이 지남에 따라 뇌 속에서 잃어버려 잊음","시간이라는 무자비하고도 자비로운 모래바람은, 아팠던 모든 눈물과 기억마저 ____의 깊은 골짜기로 쓸어가 버린다.","감정_심리,학술_논리"
"물화","2","인간의 주체적 활동이나 관계가 물질적인 객체나 상품처럼 여겨지는 현상","인간 사이의 따뜻한 정서적 교감마저 경제적 이해관계와 거래로 치환되는 ____의 시대 속에서 우리는 인간다움을 잃지 않으려 발버둥 친다.","학술_논리"
"민감성","2","자극이나 변화를 아주 작고 세밀한 부분까지 기민하게 느끼는 성질","타인의 소리 없는 눈물과 작은 신음에도 귀를 기울일 줄 아는 다정한 ____이 진정한 품격을 만든다.","감정_심리"
"변인","2","성질이나 모습이 달라지는 원인이나 조건","인간관계가 어긋나는 과정에는 누구 하나의 잘못이라기보다, 통제할 수 없는 수많은 ____들이 복잡하게 얽혀 있다.","학술_논리"
"보수성","2","새로운 변화를 꺼리고 기존의 가치나 질서를 그대로 유지하려는 성향","과거의 성공 방식에만 매달려 익숙한 것만 고집하는 완고한 ____은 자아의 성장을 캄캄하게 멈춘다.","사회_기본,학술_논리"
"복잡성","2","일, 감정 등이 정리하기가 어려울 만큼 여러 가지가 얽혀 있는 성질","한 사람의 내면이 가진 ____을 온전히 이해하려는 노력 없이, 단편적인 모습만으로 상대를 재단해서는 안 된다.","학술_논리"
"부조화","2","서로 조화를 이루지 못하고 어색하게 어긋남","겉으로 짓는 그럴듯한 미소와 가슴속의 깊은 피로 사이의 ____는 우리 마음을 모래성처럼 허물어뜨린다.","학술_논리"
"분열","2","조화롭던 전체가 낱낱의 조각으로 찢어지고 흩어짐","불안과 공포가 가슴을 잠식할 때 우리의 마음은 사소한 바람에도 쉽게 갈가리 ____되어 흔들리게 된다.","사회_기본,감정_심리"
"상관관계","2","한쪽이 변하면 다른 한쪽도 따라서 변하는 관계","우리의 행복은 소유의 크기보다는 일상에서 느끼는 작은 감사함의 빈도와 훨씬 더 깊은 ____를 가진다.","학술_논리"
"상호성","2","나와 너, 혹은 대상들이 고립되지 않고 서로 긴밀히 영향을 주고받는 성질","성숙한 사랑은 일방적인 지배나 종속이 아니라, 서로의 깊은 눈빛과 떨림을 동등하게 주고받는 ____ 위에서 비로소 피어난다.","학술_논리,사회_기본"
"생동성","2","살아 움직이는 듯한 신선하고 활기찬 기운","안정만을 좇던 좁은 일상에서 벗어나 새로운 지평을 마주할 때 비로소 온몸으로 찬란한 ____을 느낀다.","감정_심리"
"속박","2","몸이나 마음, 혹은 자유를 마음대로 행동할 수 없도록 강하게 얽매어 둠","안락한 울타리가 주는 일시적인 평온에 안주하는 한, 우리는 과거가 씌운 낡은 가치관의 ____에서 한 발짝도 벗어날 수 없다.","감정_심리,사회_기본"
"수동성","2","스스로 결정하여 결단하지 못하고 남의 힘과 상황에 이끌려 행동하는 성질","상황의 횡포에 짓눌려 스스로 아무것도 선택하지 않으려는 비겁한 ____은 자아를 영원히 미궁에 가둔다.","감정_심리,학술_논리"
"수용성","2","어떠한 것을 있는 그대로 받아들이는 성질이나 능력","나와 다른 가치관을 배척하지 않고 부드럽게 품어낼 수 있는 마음의 ____이야말로 진정한 지성의 척도이다.","감정_심리"
"숭배","2","대상의 높은 가치나 신성함을 우러러 마지않으며 지극히 공경함","돈과 명예를 삶의 유일한 구원이라 믿고 매일 땀 흘려 ____하는 한 우리는 평생을 불안에 떨게 될 뿐이다.","사회_기본,감정_심리"
"시사점","2","어떤 것에 대해 미리 알아차릴 수 있도록 간접적으로 나타내거나 일러 주는 내용","과거의 뼈아픈 실패가 남긴 ____을 외면하지 않을 때, 우리는 같은 실수를 반복하는 굴레에서 벗어날 수 있다.","격식_비즈니스,학술_논리"
"실효성","2","실제로 목적한 효과를 나타내는 성질","머릿속으로 아무리 완벽한 계획을 세워도, 지금 당장 작은 행동으로 옮기지 않는다면 그 고민은 어떤 ____도 갖지 못한다.","격식_비즈니스,학술_논리"
"안일","2","편안함만을 추구하여 당면한 문제에 긴장 없이 흐리멍덩하게 대처함","현실의 모순을 애써 무시한 채 얻는 ____의 평온은 영혼을 서서히 갉아먹는 달콤한 마약이다.","감정_심리"
"억압","2","힘이나 권력으로 상대방을 억누르고 자유를 빼앗음","자유를 향한 갈망을 총칼과 규율로 무자비하게 ____할수록 연대의 의지는 불길처럼 더 거세게 솟구친다.","사회_기본,감정_심리"
"역학","2","사물이나 현상 사이에서 작용하는 힘의 관계","사랑이라는 감정의 이면에는, 더 많이 사랑하는 자와 덜 사랑하는 자 사이의 미묘한 권력 ____이 숨어 있다.","학술_논리,사회_기본"
"우상화","2","특별하지 않은 대상을 신비하고 절대적인 존재로 격상시켜 숭배함","돈과 성공을 인생의 유일한 종착지로 여겨 ____하는 태도는 결국 인간의 진짜 위엄을 말살할 뿐이다.","사회_기본"
"원론적","2","어떤 것의 본질이나 바탕이 되는 것","복잡하게 얽힌 딜레마에 빠졌을 때는 현상의 곁가지들을 쳐내고 가장 ____인 질문으로 다시 돌아가야 한다.","학술_논리"
"유의미","2","가치나 의미가 있음","누군가에게 무심코 건넨 다정한 눈빛 한 번이, 때로는 수백 마디의 위로보다 더 ____한 파장을 일으킨다.","학술_논리"
"유희","2","목적을 달성하려는 긴장이나 압박에서 벗어나 즐겁고 자유롭게 노는 지적/예술적 행위","성공에 눈이 멀어 숨 가쁘게 뛰어가는 경주마의 삶을 멈추고, 삶을 한바탕 아름다운 예술적 ____로 채워나갈 때 진정한 기쁨을 느낀다.","문화_예술"
"융합","2","다른 종류의 것이 녹아서 서로 구별이 없게 하나로 합해짐","나의 경험과 타인의 지혜가 아름답게 ____될 때, 우리는 비로소 세상을 바라보는 새로운 통찰을 얻게 된다.","학술_논리"
"이성","2","감정에 휘둘리지 않고 사리를 올바르게 분별하여 생각하고 논리적으로 추론하는 힘","들끓는 욕망과 복수심 앞에서 차가운 ____의 등불을 밝혀 쥐는 일이야말로, 야만의 시대에 인간을 구원하는 유일한 방책이다.","학술_논리"
"이탈","2","정해진 가치, 궤도, 관계 혹은 집단의 굴레로부터 빠져 벗어남","사회가 정해놓은 평탄한 탄탄대로에서 벗어나 조용한 ____을 감행할 때, 우리는 비로소 울창한 비밀의 숲을 발견하게 된다.","사회_기본"
"인과관계","2","원인과 결과가 서로 유기적으로 물려 작용하는 관계","우리의 소소한 선의가 타인의 운명을 어떻게 아름답게 바꾸는지 그 보이지 않는 ____는 신비롭다.","학술_논리"
"인위","2","자연 그대로가 아닌 사람의 힘으로 억지로 꾸며 행함","자연스럽게 흐르는 마음의 파도를 억지로 막으려는 ____적인 노력은 결국 더 큰 분열을 낳는다.","학술_논리"
"일시성","2","영원하지 못하고 아주 잠깐 동안만 머물다 사라지는 성질","꽃이 화려하게 피었다 속절없이 지는 ____은 오늘 우리의 평범한 대화마저 눈부신 기적으로 만든다.","학술_논리"
"일탈","2","사회적 규범이나 정해진 궤도에서 벗어남","규격화된 일상을 깨부수는 조용한 ____은 우리의 영혼에 예상치 못한 창조의 비를 뿌려주곤 한다.","사회_기본"
"입체적","2","한쪽 면만이 아닌 여러 방면과 깊이를 지닌 것","한 사람의 인생이 지닌 복잡함을 ____인 시선으로 살필 때 비로소 오해의 서늘함은 따뜻한 공감으로 바뀐다.","학술_논리"
"자비","2","타인의 허물을 깊이 감싸안고 그의 아픔을 안타깝게 여겨 널리 사랑을 베풂","단죄의 칼을 휘두르기보다, 상처받은 마음의 밑바닥을 가만히 보듬는 따스한 ____의 손길이야말로 세상을 부드럽게 고친다.","감정_심리"
"자율성","2","남의 지배나 구속을 받지 아니하고 스스로의 원칙에 따라 통제하고 다스리는 성질","진정한 도덕적 행동은 외부의 강요나 처벌에 대한 두려움 때문이 아니라, 스스로 정한 내면의 법칙에 따르는 ____에서 비롯된다.","학술_논리,사회_기본"
"자족","2","스스로 넉넉함을 느껴 마음의 안정을 얻음","남들과 끊임없이 비교하며 목말라하기보다 오늘 나에게 허락된 작은 찻잔에 ____하는 삶이 아름답다.","감정_심리"
"저항성","2","외부의 압력이나 순응의 요구에 맞서 버텨내는 성질","획일화된 세상의 기준에 맹목적으로 물들지 않고 나다움을 굳건히 지키는 ____이 우리를 구원한다.","학술_논리,사회_기본"
"점진적","2","조급하게 서두르지 않고 차례를 따라 조금씩 나아가는 것","내면의 상처를 치유하는 과정은 일순간에 일어나지 않으며 고요하고 ____인 성찰 속에서 영글어간다.","학술_논리"
"조율","2","서로 다른 입장이나 생각들을 알맞게 맞추어 조화롭게 만듦","갈등으로 거칠어진 마음의 현들을 고요히 마주하며 서로의 오차를 ____해 나가는 것이 진정한 대화다.","격식_비즈니스,사회_기본"
"존경","2","타인의 숭고한 인격이나 성취를 우러러보고 소중히 대함","화려한 명예에 아부하기보다 묵묵히 자신의 양심을 지켜가는 평범한 사람에게 깊은 ____을 보낸다.","감정_심리"
"존립","2","스스로 서서 유지되거나 생존해 나감","한 사회의 성숙한 ____은 그 공동체의 가장 약하고 연약한 자들을 대하는 예의와 관용의 촘촘함으로 증명되기 마련이다.","격식_비즈니스"
"주관","2","자기만의 고유한 관점이나 주관적인 생각 혹은 판단","남들의 평판이나 거대한 군중의 웅성거림에 휘둘리지 않고, 나만의 꿋꿋한 ____을 세워 나가는 용기가 필요한 때다.","학술_논리"
"주체성","2","어떤 일을 하는 데 스스로의 의지에 따라 처리하는 성질","타인의 시선과 사회적 기준에 흔들리지 않고, 고독 속에서도 스스로 생각하고 결정하는 고고한 ____을 지켜내야 한다.","학술_논리"
"지성","2","사물의 옳고 그름과 본질을 꿰뚫어 보고 윤리적으로 바른 판단을 내리는 지적 능력","차가운 비판의 메스를 휘두르기보다, 타인의 상처에 슬며시 동참할 줄 아는 다정한 ____이야말로 인간미의 극치다.","학술_논리"
"지식인","2","높은 지식을 지니고 사회의 모순을 비판하며 실천하는 지성인","차가운 논리의 메스만 휘두르는 똑똑함보다 시대의 상처에 슬그머니 울어주는 진짜 ____이 필요하다.","사회_기본,학술_논리"
"지양","2","더 높은 단계로 나아가기 위하여 어떤 행동이나 태도를 하지 않음","타인의 불행을 보며 나의 행복을 안심하는 부끄러운 비교를 ____할 때, 비로소 우리는 타인의 삶을 있는 그대로 안아줄 수 있다.","학술_논리"
"지엽적","2","본질적이지 않고 곁가지에 불과한 사소하고 부차적인 것","인생의 큰 기조를 잃은 채 눈앞의 ____인 시비에만 얽매여 살아가는 것은 서글픈 낭비다.","학술_논리"
"진정성","2","위선이나 꾸밈이 전혀 없이 참되고 정직하여 믿을 만한 깊은 성품","화려한 수식어로 치장된 달콤한 연설보다, 서툴더라도 떨리는 목소리에 실려 있는 마음의 ____이 더 깊은 감동을 준다.","감정_심리"
"차별화","2","둘 사이를 구별 지어 서로 다른 독특한 성질을 드러냄","남들과 비슷해지려 애쓰기보다 나만의 고유한 무늬를 선명하게 드러내는 ____의 지혜가 빛을 발한다.","격식_비즈니스"
"찬사","2","숭고한 인물이나 업적에 대해 아낌없이 보내는 지극한 칭찬의 말","세상이 건네는 화려한 ____에 마음을 빼앗기지 마라. 진짜 안식은 나 자신과의 고요한 대화에 있다.","감정_심리"
"체계화","2","일정한 원리에 따라 낱낱의 부분이 잘 짜여져 통일된 전체로 됨","무질서하게 흩어져 있던 감정과 생각의 파편들을 글로 적어 ____하고 나면, 삶의 방향이 한결 선명해진다.","학술_논리"
"체념","2","뜻대로 되지 않는 상황을 순순히 받아들이고 바람이나 기대를 내려놓음","더는 집착하지 않고 흐르는 세월에 마음을 기댄 채 맞이하는 조용한 ____은, 역설적으로 깊은 내면의 평안을 선물한다.","감정_심리"
"초래","2","어떤 결과를 가져오게 함","자신을 보호하기 위해 쌓아올린 마음의 벽이 결과적으로는 스스로를 더 깊은 외로움으로 ____하는 비극을 낳는다.","학술_논리"
"추상화","2","생생한 개별 사실들로부터 일반적이고 관념적인 개념을 뽑아내어 표현함","타인의 생생한 고통을 냉정한 활자로 ____해버리는 순간, 눈물에 담긴 뜨거운 맥박과 떨림은 차갑게 얼어붙고 만다.","학술_논리"
"추이","2","시간이 지나면서 일이나 상황이 변해가는 모습","상황이 당장 뜻대로 풀리지 않더라도 조급해하지 않고 시간의 ____를 지켜보는 여유가 필요하다.","격식_비즈니스,학술_논리"
"치환","2","어떤 대상을 다른 성질이나 존재로 바꾸어 놓음","마음속의 공허함을 물질이나 일시적인 자극으로 ____하려 드는 시도는, 목마른 이에게 짠 바닷물을 건네는 것처럼 갈증을 더할 뿐이다.","학술_논리"
"통계적","2","수치와 데이터에 따르는 것","인간의 복잡한 슬픔과 상실감은 결코 차가운 ____ 수치로 환산하거나 재단할 수 없는 고유한 영역이다.","학술_논리"
"파열","2","굳건해 보이던 관계나 사회적 질서가 충돌에 의해 찢어지고 해체됨","오랜 갈등 끝에 견고해 보이던 두 사람의 관계는 결국 ____에 이르렀다.","사회_기본,학술_논리"
"편익","2","편리하고 유익함","기술의 발달이 가져다준 압도적인 ____ 이면에는, 고독을 견디지 못하고 끊임없이 무언가에 접속해야만 하는 현대인의 불안이 숨어 있다.","격식_비즈니스"
"포괄적","2","어떤 대상이나 현상을 넓은 범위 안에 묶어 아우르는 것","단편적인 실수 하나로 그 사람 전체를 평가하기보다는, 그의 삶이 가진 맥락을 ____으로 이해하려는 시선이 필요하다.","학술_논리"
"할당","2","각자의 몫을 갈라 나눔","하루 24시간 중 단 10분이라도 온전히 나 자신만을 마주하기 위한 시간으로 ____해 두는 것은 내면에 주는 최소한의 예의다.","격식_비즈니스"
"합리성","2","이치와 논리에 어긋나지 않고 타당한 성질","차가운 ____의 잣대 아래 인간의 생생한 감정과 눈물을 비효율이라 섣불리 단죄해서는 안 된다.","학술_논리"
"합리화","2","자신의 비겁한 행동이나 선택에 그럴듯한 이유를 대어 정당하게 만듦","과거의 비겁했던 도망을 생존을 위한 어쩔 수 없는 일이었다고 ____하려 할수록, 내면의 거울은 더 뿌옇게 흐려질 뿐이다.","감정_심리,학술_논리"
"허무","2","사물이나 존재의 가치를 찾지 못하여 마음속이 텅 비고 덧없음","우리를 영원히 채워줄 것 같은 세속적 성공의 화려함 뒤에는, 언제나 쓸쓸한 눈물과 ____의 찬 그림자가 짙게 뒤따르고 있다.","감정_심리"
"호혜성","2","서로 특별한 혜택이나 호의를 주고받는 성질","일방적인 희생이나 강요가 아닌, 서로의 가치와 존재를 동등하게 존중하고 북돋아 주는 ____의 관계야말로 진정한 연대의 출발점이다.","사회_기본,격식_비즈니스"
"객관화","3","주관에서 벗어나 있는 그대로의 모습을 드러냄","들끓는 감정에서 한 발짝 물러나 스스로를 ____해보는 것만으로도 마음의 폭풍은 잦아들기 시작한다.","학술_논리,감정_심리"
"객체화","3","주체적인 존재를 스스로 생각하고 움직이지 못하는 하나의 대상으로 취급함","상대방을 나와 동등한 인격체로 마주하지 않고, 나의 욕망을 투사하기 위한 도구로 ____하는 태도는 진정한 관계를 파괴한다.","학술_논리"
"거시적","3","작은 부분에 얽매이지 않고 전체를 넓게 보는 것","눈앞의 작은 성취보다 삶을 ____인 안목으로 바라볼 때, 우리는 비로소 긴 여정의 의미를 깨닫는다.","학술_논리"
"겸양","3","남을 존중하고 자기를 낮추어 사양하는 성품","스스로가 모든 것을 알지 못한다는 사실을 인정하는 ____이야말로 진정한 앎에 도달하는 유일한 열쇠다.","감정_심리,사회_기본"
"경외","3","대상의 위대함에 압도되어 두려워하면서도 우러러보는 마음","광활하게 펼쳐진 우주의 심연과 침묵을 가만히 응시하노라면, 유한한 인간으로서 우주적 생명에 대한 깊은 ____를 품게 된다.","감정_심리"
"계몽","3","이성의 빛을 통해 사람들의 어리석음과 편견을 깨우쳐 밝혀 줌","외부의 권위가 주입하는 일방적인 ____보다는, 스스로 생각하고 반성하는 주체적인 성찰이 영혼을 참되게 깨운다.","학술_논리,사회_기본"
"고취","3","힘이나 의지, 감정 등을 돋우고 부추겨 일으킴","타인에게서 실패를 딛고 일어설 용기를 ____하는 단 한 마디의 격려는 그 어떤 거창한 조언보다 위대하다.","감정_심리"
"공리성","3","실제적으로 유용하거나 큰 이익을 가져다주는 성질","예술은 눈에 보이는 즉각적인 ____을 지니지 않았기에 오히려 영혼을 가장 순수하게 구원하는 도구가 된다.","학술_논리"
"공명","3","남의 사상이나 감정에 깊이 동감하여 마음에 울림을 일으킴","어두운 방에서 혼자 적어 내린 은밀한 참회의 고백이 세대를 건너뛰어 타인의 마음에 깊은 ____을 일으킨다.","감정_심리"
"괴리","3","서로 조화를 이루지 못하고 어긋나 틈이 벌어지고 동떨어짐","이상으로 꿈꾸는 숭고한 자아의 모습과 매일 구차한 현실을 살아가는 나의 모습 사이의 ____ 탓에 우리는 스스로를 자책하게 된다.","학술_논리,감정_심리"
"구체화","3","막연한 것이 실제적인 형태를 갖게 됨","머릿속을 부유하던 영감이 한 편의 글로 ____될 때, 창작의 고통은 비할 데 없는 환희로 바뀐다.","학술_논리"
"귀결","3","논의나 행동이 어떤 결론에 이름","수많은 방황과 시행착오의 끝은 결국 '나다움'을 찾는 여정으로 ____되기 마련이다.","학술_논리"
"귀납적","3","구체적인 사례들로부터 일반적인 원리를 이끌어냄","일상의 작은 조각들을 모아 삶의 의미를 깨닫는 ____인 성찰은 우리를 겸손하게 만든다.","학술_논리"
"근대성","3","이성과 과학적 합리성을 특징으로 하는 근대 사회의 본질적 특성","도구적 이성과 효율성에만 눈이 멀어 인간의 존엄을 잊어버리는 것은 ____이 낳은 가장 차가운 그늘이다.","학술_논리,사회_기본"
"금욕주의","3","도덕적/종교적 완성을 위해 육체적 욕망을 엄격하게 제한하려는 태도","들끓는 소유욕과 쾌락의 번잡함을 떨쳐내고 내면의 성소로 침잠하려는 조용한 ____가 필요한 시대다.","학술_논리"
"기만","3","진실을 교묘히 왜곡하여 타인이나 자기 자신을 속이고 홀림","현실의 불안을 애써 모른 척 덮어두는 자기 ____은 달콤한 안식을 주지만, 결국 마음의 뼈대를 모래성으로 만들 뿐이다.","감정_심리,사회_기본"
"기조","3","바탕에 흐르는 기본적인 방향이나 성격","작품 전체를 관통하는 서늘한 ____ 속에서도 인간을 향한 따뜻한 시선은 은은하게 빛나고 있었다.","격식_비즈니스"
"다각적","3","여러 방향이나 관점에 걸친 것","하나의 현상을 ____으로 바라보는 유연함이야말로 세상을 더 넓게 이해하는 지혜의 시작이다.","학술_논리"
"다변화","3","모양이나 방법이 많아지거나 다양해짐","관계의 형태가 ____되는 현대 사회에서 우리는 새로운 방식의 유대감을 학습하며 살아간다.","격식_비즈니스"
"단독성","3","다른 어떤 것과도 대체될 수 없는 고유하고 절대적인 개별적 성질","우리는 보편적인 사회적 계급이나 통계 속의 숫자가 아니라, 저마다 단 하나뿐인 삶의 역사와 서사를 지닌 ____의 존재들이다.","학술_논리"
"당위성","3","마땅히 그래야만 하는 성질","사회가 요구하는 ____에 짓눌려 살기보다, 내면의 목소리가 이끄는 진실함을 따르기로 했다.","학술_논리"
"당착","3","앞뒤가 맞지 않고 모순되어 서로 충돌함","상대를 깊이 사랑한다고 말하면서 그의 모든 자주권을 억압하려 드는 태도는 명백한 자기 ____이다.","학술_논리"
"대자적","3","스스로를 객관적으로 반성하고 자각하는 주체적 존재의 상태","남들이 정해준 궤도를 맹목적으로 달리는 즉자적 삶을 멈추고 늘 스스로를 고찰하는 ____ 존재로 우뚝 서라.","학술_논리"
"대칭성","3","사물의 각 부분이 균형을 이루며 서로 마주 보고 조화를 이루는 성질","우리의 내면과 외부 삶의 ____이 완벽하게 들어맞을 때 불안의 흔들림은 비로소 멎고 평화가 찾아온다.","학술_논리"
"도구화","3","인간이나 가치 있는 대상을 그 자체의 목적이 아닌 단지 수단이나 도구로 취급함","효율성만을 극대화하려는 자본의 논리는 결국 인간마저 소모품처럼 ____하는 비인간적인 결과를 낳기 쉽다.","학술_논리,사회_기본"
"도덕률","3","양심과 이성에 기초하여 마땅히 지켜야 할 숭고한 행위 규범","마음속 깊은 어둠 속에서도 스스로 약속한 단단한 ____을 배신하지 않는 한 인간은 타락하지 않는다.","학술_논리"
"도식화","3","복잡한 구조를 알기 쉽게 그림이나 표로 나타냄","세상의 복잡한 이치를 너무 쉽게 ____하다 보면, 그 속에 담긴 소중한 디테일들을 놓치기 쉽다.","학술_논리"
"독단","3","남의 의견을 듣지 않고 혼자서만 옳다고 판단하여 결정함","나의 확신만이 유일한 정답이라고 굳게 믿는 ____은 지성을 캄캄한 독방에 가두는 자비 없는 어둠이다.","감정_심리,학술_논리"
"매개자","3","서로 다른 존재들을 조화롭게 연결하고 관계 맺어 주는 존재","오래된 오해로 단절된 두 마음에 다리를 놓아주는 부드러운 ____의 역할은 세상에서 가장 거룩하다.","학술_논리,사회_기본"
"메커니즘","3","사물이나 현상이 일정한 인과 관계에 따라 작동하는 방식이나 구조","상처로부터 스스로를 방어하려는 우리 내면의 심리적 ____은 때로 눈먼 거부와 독단으로 발현되기도 한다.","학술_논리"
"명징성","3","흐리거나 어둡지 않고 지극히 깨끗하고 명백한 성질","들끓는 집착과 욕망의 거품을 걷어낼 때 비로소 찾아오는 깨달음의 ____은 영혼을 맑게 씻어내린다.","학술_논리"
"무상성","3","세상의 모든 존재나 상황이 영원하지 않고 끊임없이 변화하여 덧없음","화려하게 피었다가 속수무책으로 떨어지는 벚꽃의 ____은, 오늘 우리에게 허락된 만남의 순간을 더욱 거룩하게 만든다.","학술_논리,감정_심리"
"물신화","3","인간이 만든 사물이나 화폐에 신비하고 초자연적인 힘을 부여하여 숭배함","지갑 속의 화폐와 명품 백을 인격과 동일시하는 ____의 늪에서 허우적댈 때, 인간의 진짜 존엄은 소리 없이 바스러진다.","학술_논리,사회_기본"
"미시적","3","어떤 사물이나 현상을 개별이나 부분으로 작게 나누어 생각하는 것","타인의 삶을 진정으로 이해하려면 거대한 시대적 배경뿐만 아니라, 그가 매일 마주하는 일상의 ____인 결들까지 들여다보아야 한다.","학술_논리"
"발로","3","내면의 마음이나 감정 등이 겉으로 숨김없이 드러남","그가 건넨 작은 위로와 미소는 억지로 꾸며낸 인위가 아니라 내면에 가득 찬 사랑의 자연스러운 ____였다.","감정_심리"
"발산","3","감정, 슬픔, 욕망 등을 겉으로 드러내거나 그것을 드러내어 풀어 없앰","억눌린 슬픔과 분노를 건강한 방식으로 ____하는 방법을 배우는 것은 성숙한 어른이 되기 위한 중요한 통과의례다.","감정_심리"
"방어기제","3","용납하기 어려운 고통이나 불안으로부터 스스로를 보호하려는 무의식적 기제","타인을 향해 세우는 서늘하고 날 선 가시들은 결국 더는 상처받기 싫어 울부짖는 자아의 비참한 ____다.","감정_심리"
"방증","3","어떤 사실에 대한 간접적이고 주변적인 증거","우리가 무심코 내뱉는 사소한 언어 습관들은 현재 내면의 상태가 얼마나 불안한지를 보여주는 투명한 ____이 된다.","학술_논리"
"배타성","3","자신들의 경계 밖에 있는 타인이나 가치를 부인하고 밀어내려는 차가운 성질","신념이 자기 확신을 넘어 타자를 거부하는 드높은 ____의 장벽이 될 때, 지성은 독단이라는 캄캄한 지하 감옥에 갇힌다.","사회_기본,감정_심리"
"배타주의","3","자기 집단이나 신념 밖에 있는 것들을 밀어내고 거부하려는 옹졸한 태도","나와 다른 가치를 단칼에 죄인으로 모는 차가운 ____는 문명과 평화의 영토를 황폐한 무덤으로 만든다.","사회_기본"
"변동성","3","바뀌어 달라지는 성질","삶의 예측 불가능한 ____을 두려워하기보다, 그 파도를 유연하게 타는 법을 배울 때 우리는 비로소 자유로워진다.","격식_비즈니스,학술_논리"
"병행","3","둘 이상의 일을 한꺼번에 진행함","현실과 타협하는 일과 이상을 좇는 일을 ____하는 것은 끊임없이 흔들리며 중심을 잡는 줄타기와 같다.","격식_비즈니스"
"부침","3","세력이 성하고 쇠함 또는 사물이 오르고 내림을 거듭함","세월의 가차 없는 ____ 속에서도 나다운 중심축을 잃지 않는 단단한 마음이야말로 가장 찬란하게 빛난다.","격식_비즈니스,학술_논리"
"비가역성","3","한 번 변화한 상태가 다시 원래의 상태로 되돌아갈 수 없는 성질","지나온 시간의 가차 없는 ____은 오늘 우리에게 허락된 사랑과 성찰의 기회를 더욱 거룩하게 만든다.","학술_논리"
"비자발적","3","자기 스스로의 뜻이 아니라 외부의 압력이나 상황에 밀려 억지로 하는 것","타인의 시선에 쫓겨 감행하는 ____인 순응은 가슴속에 시퍼런 멍으로 가득 찬 위선만을 남기기 마련이다.","감정_심리,학술_논리"
"사장","3","가치 있는 물건, 인재, 아이디어 등이 세상에 빛을 보지 못하고 파묻힘","가슴속에 품었던 수많은 찬란한 영감들이, 현실의 가혹한 벽에 부딪혀 한 줄의 글도 되지 못한 채 ____되는 것은 삶의 큰 슬픔이다.","격식_비즈니스,사회_기본"
"상사성","3","서로 다른 존재들이 형태나 성질 면에서 미묘하게 서로 닮아 통하는 성질","서로 마주 앉아 가만히 눈빛을 나눌 때 발견하는 두 영혼의 기묘한 ____은 마음에 다정한 촛불을 켠다.","학술_논리"
"상정","3","어떤 상황이나 조건을 임시로 머릿속에 가정하여 생각함","가장 최악의 파국을 미리 ____해 봄으로써, 우리는 역설적으로 지금 마주하고 있는 평범한 일상의 축복을 절감하게 된다.","학술_논리"
"상호주관성","3","개별적인 주관들이 소통을 통해 서로 공유하고 공감하는 공통의 주관적 영역","우리가 합의하는 객관적 진리란 어쩌면 절대적인 외적 실체가 아니라, 저마다의 주관들이 대화와 이해를 통해 길어낸 깊은 ____의 합의일지 모른다.","학술_논리"
"서사","3","개인의 역사나 사건들의 유기적인 연결을 지닌 깊이 있는 이야기","우리는 단순히 통계 수치 속의 부품이 아니라 저마다 눈물과 기적으로 빚어낸 단 하나의 위대한 ____다.","문화_예술,학술_논리"
"소급","3","과거의 일에까지 효력을 미치게 함","지나온 세월의 후회는 과거로 ____하여 바꿀 수 없지만, 오늘 내리는 성숙한 선택으로 그 상처의 의미를 새로 정의할 수는 있다.","법률,격식_비즈니스"
"소외","3","인간이 자신이 창조한 물질이나 사회 체제에 지배당하여 인간성을 상실하고 고립되는 현상","거대하고 정교한 현대 사회 시스템 속에서 개인이 하나의 부품으로 전락할 때, 우리는 자기 자신으로부터마저 ____되는 비극을 경험한다.","사회_기본,감정_심리"
"수용성","3","어떤 물질이 물에 녹는 성질","우리의 깊은 우울과 슬픔도 흐르는 눈물에 쉽게 씻겨 내려가는 ____의 감정이었다면 지난밤이 덜 괴로웠을까.","학술_논리"
"숙고","3","곰곰이 깊이 생각함","충동적인 감정에 매몰되어 칼을 뽑기보다 고요히 사태의 본질을 ____하는 인내가 진짜 강한 지성이다.","학술_논리,감정_심리"
"숭고","3","뜻이 높고 깨끗하여 우러러볼 만함","아무리 보답도 기대하지 않은 채 타인의 생명을 구하려 성난 불길 속으로 뛰어드는 용기 앞에서 인간의 ____함이 실현된다.","감정_심리,문화_예술"
"시의성","3","상황이나 시기에 딱 알맞은 유용한 성질","아무리 훌륭한 충고일지라도 상대가 상처로 울고 있을 때를 벗어난 언어는 그 어떤 ____도 갖지 못한다.","격식_비즈니스,학술_논리"
"식견","3","사물의 겉모습만이 아니라 본질을 정밀하게 분별하여 판단할 수 있는 깊은 안목","두꺼운 철학서를 수십 권 읽어 쌓은 차가운 지식보다, 한 사람의 아픔을 보듬을 줄 아는 성숙한 ____이 훨씬 따스하게 빛난다.","학술_논리"
"신성","3","속세의 비속함에서 벗어나 함부로 침범할 수 없이 숭고하고 거룩한 가치","아무리 보잘것없어 보이는 한 인간의 생명일지라도, 그 안에는 훼손되어서는 안 될 보편적이고 위엄 있는 ____이 깃들어 있다.","사회_기본"
"실존","3","구체적이고 현실적으로 존재하는 인간 주체의 주체적인 존재 방식","정해진 규격이나 운명에 안주하지 않고, 매 순간 스스로 선택하고 책임을 지며 나의 ____을 능동적으로 증명해 나가야 한다.","학술_논리"
"심연","3","끝이 보이지 않을 만큼 깊은 곳. 헤어나기 어려운 깊은 상태를 비유하는 말","타인의 슬픔을 달래주려 그가 서 있는 끝 모를 절망의 ____을 가만히 들여다볼 때, 우리 안에도 말 없는 연대의 떨림이 흐른다.","감정_심리"
"애도","3","소중한 사람과의 사별이나 큰 상실 앞에 가슴 깊이 통곡하며 슬퍼하고 보내줌","상실의 슬픔을 억지로 참아 누르기보다, 강물 같은 눈물과 조용한 ____의 세월을 허락할 때 우리는 상처를 안고 마주 나아갈 힘을 얻는다.","감정_심리"
"양가성","3","동일한 대상에 대해 서로 반대되는 두 가지 감정이나 태도가 동시에 공존하는 상태","오래 품어온 오랜 꿈을 마침내 이루는 순간의 환희와 알 수 없는 쓸쓸함이라는 ____에 젖어든다.","감정_심리,학술_논리"
"역학","3","물리에서, 물체의 운동에 관한 법칙을 연구하는 학문","거부할 수 없이 서로에게 이끌리는 두 사람 사이에는 만유인력과도 같은 영혼의 ____이 작용하는 듯했다.","학술_논리"
"연역적","3","일반적 원리로부터 개별적인 사실을 이끌어 내는 것","보편적인 사랑의 의미를 깨닫고 나서야 내 곁에 있는 사람의 소중함을 알게 되는 ____인 깨달음의 순간이 있다.","학술_논리"
"예속","3","남의 지배 아래 들어가 그의 처분이나 지배에 매여 따름","타인의 칭찬과 평가에 자신의 가치를 온전히 ____시키는 한 우리는 결코 인생의 진정한 주인이 될 수 없다.","사회_기본,학술_논리"
"예지","3","사물의 이치와 본질을 정확하고 날카롭게 꿰뚫어 보는 신비로운 지혜","오랜 고독과 눈물의 세월을 겪어 낸 사람의 눈빛에는 세상을 품어 안는 맑고 은은한 ____가 서려 있다.","학술_논리"
"외재적","3","사물이나 현상의 내부가 아닌 바깥에 존재하는 것","사회가 매기는 지위나 물질 같은 ____ 가치보다 내면의 고요한 가치를 돌보는 것이 진정한 안식을 준다.","학술_논리"
"우연성","3","필연적인 인과 관계 없이 예기치 않게 일어나는 성질","모든 아름다운 인생의 기적들은 철저한 계획 이면에 찾아오는 눈부신 ____을 통해 피어나기 마련이다.","학술_논리"
"유기성","3","생명체의 장기들처럼 여러 부분이 서로 긴밀하게 연결되어 떼어낼 수 없는 성질","작은 풀잎 하나의 상처가 숲 전체의 기후를 바꾸어 놓듯, 지구상의 모든 생명은 거대한 생태적 ____ 안에서 숨 쉬고 있다.","학술_논리"
"유예","3","일을 실행하지 않고 기한을 미루거나 늦춤","불안한 직면을 피하기 위해 매 순간 선택을 ____하는 것은, 결국 오늘이라는 단 한 번뿐인 삶의 주권을 포기하는 것과 같다.","법률,격식_비즈니스"
"유한성","3","인간이나 존재가 영원하지 못하고 일정한 시공간적 한계를 지님","우리 인생의 가을날이 머지않아 저물어간다는 실존적 ____을 받아들이는 순간, 오늘이라는 평범한 찻잔은 더없이 눈부신 기적이 된다.","학술_논리"
"이분법","3","대상을 서로 완전히 반대되는 두 부분으로 나누는 논리적 구분 방법","세상을 오직 선과 악이라는 차가운 ____의 틀로 재단하는 것은, 그 중간 지대에 깃든 다채로운 인간미를 지워버리는 일이다.","학술_논리"
"이성주의","3","이성과 논리적 사유를 지식과 진리의 유일한 근원으로 삼는 태도","우주와 인생의 신비를 단지 차가운 계산의 틀로만 규명하려는 ____는 때로 건조한 독단에 빠진다.","학술_논리"
"인본주의","3","인간의 가치와 존엄성을 최고의 원칙으로 삼는 사상","기술적 효율성만을 강조하는 문명의 폭주 속에서 우리는 ____의 보이지 않는 등불을 결코 꺼뜨려선 안 된다.","학술_논리,사회_기본"
"일체감","3","타인이나 집단과 자신이 한 몸처럼 연결되어 있다고 느끼는 마음","끝없는 경쟁 속에서도 타인의 아픔을 나의 아픔으로 느끼는 깊은 ____을 공유할 때, 공동체는 다시 살아 숨 쉬기 시작한다.","감정_심리,사회_기본"
"자기기만","3","스스로 자신의 진심을 속이거나 모른 체하여 정당화함","현실의 비겁함을 생존의 불가피함이라 덮어두는 ____은 당장은 안락하지만 내면의 거울을 흐릴 뿐이다.","감정_심리"
"자기부정","3","더 높은 의식으로 거듭나기 위해 현재의 낡은 자아를 해체하고 부인함","어제의 생각과 신념이 지닌 한계를 인정하는 뼈아픈 ____의 산고를 겪지 않는다면, 우리는 결코 성숙의 다음 계절로 넘어갈 수 없다.","감정_심리,학술_논리"
"자기소외","3","자신의 주체적인 본질을 잃어버리고 스스로에게 낯설어지는 상태","타인의 시선과 찬사에만 맹목적으로 복종하다 보면 정작 내면의 나로부터 ____되는 비극을 겪는다.","감정_심리,학술_논리"
"자주성","3","남에게 예속되거나 휘둘리지 않고 제 뜻대로 제 삶을 지켜나가는 성질","외부의 거센 바람 속에서도 스스로 정한 원칙을 꿋꿋이 실천하는 고고한 ____을 가꾸어야 한다.","사회_기본,학술_논리"
"전유","3","외부의 문물이나 사상을 온전히 자기 것으로 만들어 독차지함","예술은 박물관의 액자 속에 갇힌 유물이 아니라 오늘 우리가 일상에서 마음껏 ____해야 할 축제다.","학술_논리,사회_기본"
"절대성","3","다른 가치와 비교되거나 어떠한 조건에도 제약을 받지 않는 고유한 가치나 성질","세상의 어떤 상대적인 기준과 경제적 논리도 훼손할 수 없는, 인간 생명 자체의 숭고한 ____을 엄숙히 지켜야 한다.","학술_논리"
"정교화","3","생각이나 기술, 이론 등을 더욱 정밀하고 꼼꼼하게 다듬음","막연하게 떠돌던 내면의 영감을 성실한 집필을 통해 하나의 단단한 사상으로 ____해 나갔다.","학술_논리"
"정합성","3","어떤 논리적 체계나 진술들이 어긋남 없이 긴밀하고 통일되게 들어맞음","주장하는 말들의 매끄러운 ____을 증명하기보다, 삶이라는 불완전하고 모순된 현장을 온몸으로 살아내는 정직함이 소중하다.","학술_논리"
"조응","3","서로 떨어져 있으면서도 긴밀하게 조화를 이루며 들어맞음","나의 은밀한 눈물과 그가 내미는 부드러운 손길이 아름답게 ____할 때 우리는 연대를 실감한다.","학술_논리"
"존엄성","3","지위나 조건에 관계없이 존재 자체로서 최고로 높고 엄숙한 대접을 받아야 할 성질","타인의 아픔에 무감각해지고 사람을 수단으로 여기는 비정한 시대일수록, 인간의 거룩한 ____을 외치는 외침은 더 굳건해야 한다.","사회_기본,학술_논리"
"즉자적","3","스스로를 성찰하지 않고 본능이나 상황에 끌려가는 단순한 존재 상태","안락함에 취해 하루를 그저 흘려보내는 ____인 삶을 멈추고 늘 깨어 있는 자각의 촛불을 켜라.","학술_논리"
"지향성","3","의식이 항상 어떤 대상이나 목표를 향하고 있는 성질","우리의 생각과 감정은 마음속에 고립된 방이 아니라, 늘 바깥의 타자와 세계를 향해 열려 있는 끊임없는 ____의 상태에 있다.","학술_논리"
"참회","3","자신이 과거에 지은 잘못이나 죄를 가슴 깊이 뉘우치며 돌이켜 반성함","지난날 타인에게 건넸던 차가운 시선과 상처를 지우려 눈물 흘리는 조용한 ____는, 우리 영혼을 가장 눈부시게 씻겨준다.","감정_심리"
"창조성","3","새로운 가치나 개념, 예술적인 작품을 독창적으로 만들어 내는 힘","모든 것이 규격화된 사회적 규칙 아래 갇혀 있을 때도 우리의 ____은 은밀한 틈새에서 꽃을 피운다.","문화_예술,학술_논리"
"타자성","3","나와는 다른 존재로서 지니는 고유하고 이질적인 성질","나의 잣대로 상대를 섣불리 재단하지 않고, 그의 낯설고 고유한 ____을 있는 그대로 응시하고 환대하는 일은 고차원적인 지혜다.","학술_논리,사회_기본"
"탐닉","3","어떤 쾌락적인 일이나 감정에 지나치게 빠져 헤어나오지 못하고 조종당함","일시적이고 감각적인 짜릿함에 영혼을 맡기고 갈구하는 비참한 ____의 끝은, 언제나 뼈아픈 공허와 피로뿐이다.","감정_심리"
"패러다임","3","어떤 한 시대 사람들의 사고를 근본적으로 규정하는 인식의 틀","삶의 위기는 종종 기존에 내가 세상을 바라보던 ____이 완전히 붕괴하고 새로운 가치관이 세워지는 계기가 된다.","학술_논리"
"편재","3","널리 퍼져 있음","외로움은 특별히 불행한 자들의 전유물이 아니라, 숨 가쁘게 오늘을 버텨내는 모든 현대인의 일상 속에 공기처럼 ____해 있는 감정이다.","학술_논리"
"포용성","3","나와 다른 가치나 사람을 너그럽게 품어 안아주는 부드러운 성질","나와 다른 다름을 기꺼이 용납하고 환대하는 마음의 너른 ____이야말로 최고 차원의 지성이다.","감정_심리,사회_기본"
"행위성","3","상황의 지배에 머물지 않고 능동적으로 선택하고 실천하는 힘","가혹한 시련이 우리를 무릎 꿇릴지라도 다시 일어서서 걸어가는 인간 고유의 ____은 경이롭다.","학술_논리"
"희소성","3","인간의 욕망에 비해 자원이나 대상의 존재량이 극히 드물고 적음","우리의 청춘이 눈부시게 찬란한 이유는 그 시절이 지닌 절대적인 ____ 때문이며, 영원하지 않기에 삶은 매 순간 거룩한 축제가 된다.","격식_비즈니스,학술_논리"